Gene ID	EC#	dbCAN_hmm	dbCAN_sub	DIAMOND	#ofTools	Recommend Results	Substrate
mRNA_10	-	-	-	GH35	1	-	-
mRNA_1003	-	-	-	GT35	1	-	-
mRNA_1004	2.4.1.1:158	GT35(160-877)	GT35_e0(160-877)	GT35	3	GT35_e0	-
mRNA_1012	-	-	-	GT8	1	-	-
mRNA_1016	-	-	-	CBM50	1	-	-
mRNA_1019	-	-	-	GH18	1	-	-
mRNA_1030	-	-	-	AA3	1	-	-
mRNA_1037	-	-	-	GH47	1	-	-
mRNA_1042	-	-	-	GT0	1	-	-
mRNA_1048	-	-	-	GH76	1	-	-
mRNA_105	-	-	-	GH47	1	-	-
mRNA_1054	3.2.1.40:1|3.1.1.73:2;3.2.1.40:8	CBM67(127-305)+GH78(332-885)	CBM67_e28(126-306)+GH78_e80(332-887)	GH78	3	CBM67_e28|GH78_e80	-;alpha-rhamnoside;rhamnose
mRNA_1055	-	-	-	GT22	1	-	-
mRNA_1056	-	-	-	GH95	1	-	-
mRNA_1063	3.2.1.99:9	GH43_6(28-320)	GH43_e141(31-320)	GH43_6+GH43_6	3	GH43_6	arabinan
mRNA_1064	2.4.1.-:6	GT1(236-619)	GT1_e69(263-602)	GT1	3	GT1_e69	-
mRNA_1075	-	CBM21(377-483)	CBM21_e9(378-485)	CBM21	3	CBM21_e9	alpha-glucan
mRNA_1079	-	CE1(36-197)	CE1_e39(37-226)	CE1	3	CE1_e39	-
mRNA_108	-	-	-	GH16	1	-	-
mRNA_1081	-	-	-	GH26+CBM35	1	-	-
mRNA_1082	-	-	-	AA3_2+AA3_2	1	-	-
mRNA_1083	-	-	-	AA1_2+AA1_2	1	-	-
mRNA_1086	-	-	-	GH17	1	-	-
mRNA_1090	-	-	-	PL3_2+PL3_2	1	-	-
mRNA_1100	-	-	-	GH55_2+GH55_2	1	-	-
mRNA_1103	-	-	-	GH16_10+GH16_10	1	-	-
mRNA_1105	-	-	-	GT20	1	-	-
mRNA_1107	-	-	-	GT18	1	-	-
mRNA_1109	3.2.1.20:20	GH31_1(349-910)	GH31_e82(350-911)	GH31_1+GH31_1	3	GH31_1	alpha-glucan
mRNA_1110	-	-	-	AA1_3+AA1_3	1	-	-
mRNA_1111	-	-	-	CE4	1	-	-
mRNA_1113	-	-	-	GH3	1	-	-
mRNA_1114	-	-	-	GH16_1+GH16_1	1	-	-
mRNA_1119	-	-	-	GT31	1	-	-
mRNA_1125	2.4.1.173:23;2.4.1.-:3	GT1(517-825)	GT1_e153(403-838)	GT1	3	GT1_e153	-
mRNA_1129	-	AA2(94-346)	AA2_e1(95-347)	AA2	3	AA2_e1	lignin
mRNA_1130	-	-	-	AA2	1	-	-
mRNA_1149	-	-	-	GT62	1	-	-
mRNA_1150	-	GT62(97-360)	GT62_e5(98-361)	GT62	3	GT62_e5	-
mRNA_1153	-	-	-	GH16_18+GH16_18	1	-	-
mRNA_1161	-	-	-	CBM14	1	-	-
mRNA_1165	-	GH125(84-522)	GH125_e2(84-523)	GH125	3	GH125_e2	alpha-mannan
mRNA_1166	-	-	-	CE5	1	-	-
mRNA_1175	-	-	-	GH125	1	-	-
mRNA_1176	-	-	-	GH125	1	-	-
mRNA_1184	-|-	GT2(689-851)+GT2(829-1035)	GT2(690-852)+GT2(880-1129)	GT2	3	GT2|GT2	-
mRNA_1189	-	-	-	GH16_2	1	-	-
mRNA_1192	-	-	-	GH76	1	-	-
mRNA_1205	-	-	-	GT15	1	-	-
mRNA_1207	-	-	-	GH16_1+GH16_1	1	-	-
mRNA_1209	-	-	-	GT24	1	-	-
mRNA_121	-	-	-	GH13_26	1	-	-
mRNA_1211	1.10.3.2:1	AA1_2(40-378)	AA1_e26(40-500)	AA1_2+AA1_2	3	AA1_2	lignin
mRNA_1212	-	-	-	AA1_2+AA1_2	1	-	-
mRNA_1213	3.2.1.101:1	GH76(27-394)	GH76_e8(28-392)	GH76	3	GH76_e8	alpha-mannan
mRNA_1220	-	-	-	GH28	1	-	-
mRNA_1236	-	-	-	AA3_3+AA3_3	1	-	-
mRNA_1244	-	-	-	GT8	1	-	-
mRNA_1254	-	-	-	GH76	1	-	-
mRNA_1260	1.1.3.38:1	AA4(48-581)	AA4_e0(49-582)	AA4	3	AA4_e0	lignin
mRNA_1261	-	-	-	AA9	1	-	-
mRNA_127	1.14.99.53:1	AA11(17-213)	AA11_e7(18-211)	AA11	3	AA11_e7	chitin
mRNA_1272	-	-	-	GH16	1	-	-
mRNA_128	-	-	-	GH105	1	-	-
mRNA_1285	-	-	-	CBM1	1	-	-
mRNA_1288	-	-	-	AA7	1	-	-
mRNA_129	-	-	-	GH79	1	-	-
mRNA_1290	-	-	-	AA2	1	-	-
mRNA_1296	-	-	-	CBM24+CBM24+CBM24+CBM24+GH71	1	-	-
mRNA_1302	-	-	-	GH43_14+CBM91+GH43_14	1	-	-
mRNA_1307	-	GH43_21(77-316)	GH43_e58(79-317)	GH43_21+GH43_21	3	GH43_21	-
mRNA_1308	-	-	-	GH43_21+GH43_21	1	-	-
mRNA_1330	-	-	-	AA9	1	-	-
mRNA_1343	-	-	-	GH7	1	-	-
mRNA_1347	-	-	-	CE12	1	-	-
mRNA_1363	-	-	-	GT69+GT69	1	-	-
mRNA_1385	-	-	-	GH15	1	-	-
mRNA_1388	3.2.1.58:16	GH55_2(39-780)	GH55_e8(39-780)	GH55_2+GH55_2	3	GH55_2	beta-glucan
mRNA_1399	-	-	-	CE8	1	-	-
mRNA_14	-|-	CBM67(23-112)+GH78(330-784)	CBM67_e14(16-173)+GH78_e23(258-779)	GH78	3	CBM67_e14|GH78_e23	rhamnose
mRNA_1403	1.10.3.2:1	AA1_2(39-378)	AA1_e26(40-485)	AA1_2+AA1_2	3	AA1_2	lignin
mRNA_1404	-	-	-	AA1_2+AA1_2	1	-	-
mRNA_1419	-	-	-	GH30_3+GH30_3	1	-	-
mRNA_1434	-	-	-	GT0	1	-	-
mRNA_1439	3.2.1.21:43;3.2.1.-:1	GH3(90-311)	GH3_e16(91-312)	GH3	3	GH3_e16	beta-glucan;xyloglucan
mRNA_1440	-	-	-	GH75	1	-	-
mRNA_1443	-	-	-	GH0	1	-	-
mRNA_1458	-	-	-	AA9	1	-	-
mRNA_1464	-	-	-	AA12	1	-	-
mRNA_1474	-	-	-	GH3	1	-	-
mRNA_1476	-	-	-	GT0	1	-	-
mRNA_1477	-	-	-	CBM1	1	-	-
mRNA_1480	-	-	-	GH43	1	-	-
mRNA_1481	-	GH28(141-397)	GH28_e38(146-401)	GH28	3	GH28_e38	pectin
mRNA_1482	-	-	-	GT31	1	-	-
mRNA_1483	4.2.2.24:1	PL26(13-912)	PL26_e0(14-912)	PL26	3	PL26_e0	pectin
mRNA_1487	1.14.99.53:1	AA11(1-203)	AA11_e7(1-201)	AA11	3	AA11_e7	chitin
mRNA_1489	-	-	-	GH79	1	-	-
mRNA_1492	1.1.3.38:1	AA4(53-620)	AA4_e0(53-621)	AA4	3	AA4_e0	lignin
mRNA_1493	-	-	-	CBM57	1	-	-
mRNA_1495	-	-	-	GH76	1	-	-
mRNA_1497	-	-	-	GT0	1	-	-
mRNA_1500	-	-	-	GT1	1	-	-
mRNA_1502	-	-	-	GH43_6+GH43_6	1	-	-
mRNA_1504	1.14.99.54:5;1.14.99.56:1	-	AA9_e7(27-100)	-	1	-	cellulose
mRNA_1505	-	-	-	GT34	1	-	-
mRNA_1506	-	-	-	AA3_2+AA3_2	1	-	-
mRNA_1512	-	AA16(19-187)	AA16_e2(20-188)	AA16	3	AA16_e2	cellulose
mRNA_1514	-	-	-	CBM1+AA9	1	-	-
mRNA_1519	-	-	-	GH128	1	-	-
mRNA_1523	-	-	-	GH5_5+GH5_5	1	-	-
mRNA_1535	-	-	-	GH128	1	-	-
mRNA_1536	-	-	-	GH89	1	-	-
mRNA_1543	-	-	-	GH55_2+GH55_2	1	-	-
mRNA_1544	-	-	-	GH12	1	-	-
mRNA_1545	-	-	-	GT31	1	-	-
mRNA_1546	-	-	-	GT66	1	-	-
mRNA_1559	3.2.1.21:16;3.2.1.-:3	GH3(72-278)	GH3_e223(74-279)	GH3	3	GH3_e223	beta-glucan;xyloglucan
mRNA_1562	-	GH131(24-282)	GH131_e4(25-283)	GH131	3	GH131_e4	beta-glucan
mRNA_1571	-	CE4(229-374)	-	-	1	-	-
mRNA_1572	-	AA3_2(48-675)	AA3_e44(49-674)	AA3	3	AA3_2	-
mRNA_1573	-	-	-	AA3_2+AA3_2	1	-	-
mRNA_1575	3.2.1.15:80	GH28(54-373)	GH28_e75(56-372)	GH28	3	GH28_e75	pectin
mRNA_1577	-	-	-	GH5_5+GH5_5	1	-	-
mRNA_1588	-	GT4(284-443)	GT4_e4041(288-443)	GT4	3	GT4_e4041	-
mRNA_1589	-	-	-	GT0	1	-	-
mRNA_1591	-	-	-	GH76	1	-	-
mRNA_1595	-	-	-	CE4	1	-	-
mRNA_1596	-	-	-	GT35	1	-	-
mRNA_1606	-	-	-	GH95	1	-	-
mRNA_1617	-	-	-	GT17	1	-	-
mRNA_1620	-	-	-	GH3	1	-	-
mRNA_1627	-	-	-	AA3_2+AA3_2	1	-	-
mRNA_163	-	-	-	CE8	1	-	-
mRNA_1638	-	-	-	GT71	1	-	-
mRNA_164	-	GH132(121-379)	GH132_e1(121-377)	GH132	3	GH132_e1	beta-glucan
mRNA_1641	-	-	-	CE16	1	-	-
mRNA_1648	-	-	-	GH0	1	-	-
mRNA_1659	-	-	-	GT90	1	-	-
mRNA_1660	-	-	-	CE9	1	-	-
mRNA_1661	-	-	-	GT32	1	-	-
mRNA_1666	2.4.1.-:3|2.4.1.-:33	GH72(23-332)	GH72_e5(25-333)+CBM43_e30(383-469)	GH72+CBM43	3	GH72_e5|CBM43_e30	beta-glucan
mRNA_1673	-	-	-	GH0	1	-	-
mRNA_1687	3.2.1.21:10;3.2.1.37:4	GH3(104-330)	GH3_e32(104-331)	GH3	3	GH3_e32	beta-glucan;xylan
mRNA_1699	-	-	-	GT22	1	-	-
mRNA_1700	1.1.3.-:2	AA7(48-485)	AA7_e5(49-485)	AA7	3	AA7_e5	xylan
mRNA_1703	-	-	-	GH64	1	-	-
mRNA_1714	-	-	-	GH7	1	-	-
mRNA_1716	-	-	-	GH5_12+GH5_12	1	-	-
mRNA_1717	-	-	-	GH75	1	-	-
mRNA_1719	-	-	-	GH13_1+GH13_1	1	-	-
mRNA_1721	-	-	-	AA8	1	-	-
mRNA_1724	-	AA8(32-210)	AA8_e3(34-210)	AA8	3	AA8_e3	lignin
mRNA_1729	-	-	-	AA8	1	-	-
mRNA_1731	-	-	-	GT47	1	-	-
mRNA_174	3.2.1.14:58	GH18(51-401)	GH18_e272(53-401)	GH18	3	GH18_e272	chitin
mRNA_175	-	-	-	GH72	1	-	-
mRNA_1751	-	-	-	GT50	1	-	-
mRNA_1752	2.4.1.-:14	GT50(187-475)	GT50_e0(188-475)	GT50	3	GT50_e0	-
mRNA_1754	3.1.1.-:10	CE15(41-360)	CE15_e22(42-361)	CE15	3	CE15_e22	-
mRNA_1757	-	-	-	CE1	1	-	-
mRNA_1764	-	-	-	GH93	1	-	-
mRNA_1765	3.2.1.21:1;3.2.1.37:15;3.2.1.55:3	GH3(60-274)	GH3_e88(62-284)	GH3	3	GH3_e88	arabinan;beta-glucan;xylan
mRNA_1767	-	-	-	AA3_2+AA3_2	1	-	-
mRNA_1778	-	-	-	GH5	1	-	-
mRNA_1786	3.2.1.20:27;3.2.1.84:26	GH31_1(363-808)	GH31_e39(364-809)	GH31_1+GH31_1	3	GH31_1	alpha-glucan
mRNA_1800	-	GH55_2(158-908)	GH55_e7(343-906)	GH55_2+GH55_2	3	GH55_2	-
mRNA_1807	-	-	-	GH28	1	-	-
mRNA_1808	-	-	-	CBM18	1	-	-
mRNA_1813	-	-	-	GT8	1	-	-
mRNA_1826	3.2.1.14:58	GH18(42-399)	GH18_e272(44-398)	GH18	3	GH18_e272	chitin
mRNA_1831	-	-	-	GH29	1	-	-
mRNA_1833	-	-	-	GT4	1	-	-
mRNA_1839	-	-	-	GH16	1	-	-
mRNA_1844	-	-	-	GT57	1	-	-
mRNA_1862	-	-	-	GT2	1	-	-
mRNA_1866	-	-	-	GH15+CBM20	1	-	-
mRNA_1868	-	AA3_2(8-572)	AA3_e28(9-572)	AA3_2+AA3_2	3	AA3_2	-
mRNA_187	-	GT34(91-339)	GT34_e16(93-275)	GT0	3	GT34_e16	-
mRNA_1870	-	-	-	GH20	1	-	-
mRNA_1878	-	-	-	CBM48	1	-	-
mRNA_1884	-	-	-	GT69	1	-	-
mRNA_1886	-	-	-	AA6	1	-	-
mRNA_1892	-	-	-	CE16	1	-	-
mRNA_1894	-	-	-	PL7_4+PL7_4	1	-	-
mRNA_19	-	-	-	GH78+GH43_14+CBM91+GH43_14	1	-	-
mRNA_1900	-	-	-	CBM0	1	-	-
mRNA_1902	3.2.1.21:13	GH1(2-472)	GH1_e105(3-472)	GH1	3	GH1_e105	beta-glucan
mRNA_1912	-	-	-	CBM1+AA9	1	-	-
mRNA_1927	3.2.1.8:2	GH11(298-468)	GH11_e16(300-469)	GH11	3	GH11_e16	xylan
mRNA_1932	-	-	-	GT2	1	-	-
mRNA_1935	-	-	-	GH27	1	-	-
mRNA_1939	3.2.1.55:3	GH51_1(18-509)	GH51_e31(17-511)	GH51_1+GH51_1	3	GH51_1	arabinan
mRNA_194	-	-	-	GT50	1	-	-
mRNA_1941	-	-	-	GH78	1	-	-
mRNA_1942	-	-	-	AA5_2+AA5_2+CBM32+CBM32	1	-	-
mRNA_1948	-	-	-	GT4	1	-	-
mRNA_1951	-	-	-	GT34	1	-	-
mRNA_1953	-	-	-	GH114	1	-	-
mRNA_1962	-	-	-	GH78	1	-	-
mRNA_1963	-	-	-	GH3	1	-	-
mRNA_1964	-	-	-	GH72	1	-	-
mRNA_1968	-	-	-	GH92	1	-	-
mRNA_1969	-	-	-	PL1_4+PL1_4	1	-	-
mRNA_1970	-	-	-	AA7	1	-	-
mRNA_1975	-	-	-	AA3	1	-	-
mRNA_1979	-	-	-	GH12	1	-	-
mRNA_1980	-	-	-	GH154	1	-	-
mRNA_1994	-	-	-	GH71	1	-	-
mRNA_2009	-	-	-	GH36	1	-	-
mRNA_2016	-	-	-	AA9	1	-	-
mRNA_2034	-	GH47(59-619)	GH47_e19(60-620)	GH47	3	GH47_e19	host glycan
mRNA_2036	-	-	-	GT2	1	-	-
mRNA_2038	-	-	-	GH30_7+GH30_7	1	-	-
mRNA_2041	-	-	-	GH20	1	-	-
mRNA_2048	-	-	-	GH18	1	-	-
mRNA_2056	-	-	-	GT91	1	-	-
mRNA_2060	3.2.1.113:7	GH47(136-629)	GH47_e5(137-629)	GH47	3	GH47_e5	host glycan
mRNA_2071	-	-	-	CBM12	1	-	-
mRNA_2072	3.2.1.4:59	GH45(28-228)	GH45_e0(29-228)	GH45_1+GH45_1	3	GH45_e0	beta-glucan
mRNA_2078	-	-	-	GH5_9+GH5_9	1	-	-
mRNA_2081	3.2.1.37:1|-	GH43_14(21-320)+CBM91(361-561)	GH43_e51(22-320)+CBM91_e33(363-579)	GH43_14+CBM91+GH43_14	3	GH43_14|CBM91_e33	xylan
mRNA_2085	-	-	-	GH16	1	-	-
mRNA_2092	-	-	-	GH5_12+GH5_12	1	-	-
mRNA_2099	-	-	-	GT41	1	-	-
mRNA_210	3.5.1.41:1	CE4(165-290)	CE4_e46(164-291)	CBM18+CE4	3	CE4_e46	chitin
mRNA_2102	-	-	-	AA3_3+AA3_3	1	-	-
mRNA_2115	-	-	-	GH75	1	-	-
mRNA_2125	-	GH16_23(96-278)	GH16_e100(97-279)	GH16_23+GH16_23	3	GH16_23	-
mRNA_2126	-	GH64(53-434)	GH64_e16(55-435)	GH64	3	GH64_e16	beta-glucan
mRNA_2138	-	-	-	AA9	1	-	-
mRNA_2149	-	-	-	AA9	1	-	-
mRNA_2151	-	-	-	AA1	1	-	-
mRNA_2152	-	-	-	GT1	1	-	-
mRNA_2155	-	GH92(263-775)	GH92_e32(263-775)	GH92	3	GH92_e32	host glycan
mRNA_2169	-	-	-	GT39	1	-	-
mRNA_2174	-	-	-	GT1	1	-	-
mRNA_2176	-	-	-	GH1	1	-	-
mRNA_2189	-	-	-	GT90	1	-	-
mRNA_2196	-	-	-	GH16_18+GH16_18	1	-	-
mRNA_22	-	-	-	GH18	1	-	-
mRNA_2211	-	-	-	AA1	1	-	-
mRNA_2222	2.4.1.109:13	GT39(79-317)	GT39_e30(80-318)	GT39	3	GT39_e30	-
mRNA_2229	-	-	-	GH16	1	-	-
mRNA_2232	-	-	-	GH3	1	-	-
mRNA_2234	-	-	-	GH43_26+GH43_26	1	-	-
mRNA_2251	-	GH128(229-440)	GH128_e34(233-438)	GH128	3	GH128_e34	beta-glucan
mRNA_2276	-	-	-	GH43_26+GH43_26	1	-	-
mRNA_2290	-	-	-	GH18	1	-	-
mRNA_2291	-	-	-	GH71	1	-	-
mRNA_2294	-	-	-	GT2+GT2	1	-	-
mRNA_23	-	-	-	GH0	1	-	-
mRNA_2303	-	-	-	GH15+CBM20	1	-	-
mRNA_2307	-	-	-	GH131	1	-	-
mRNA_2310	-	-	-	GH47	1	-	-
mRNA_2316	-	-	-	GH17	1	-	-
mRNA_2318	-	GH17(72-302)	GH17_e7(72-313)	GH17	3	GH17_e7	-
mRNA_2333	-	-	-	CE0	1	-	-
mRNA_2337	-	-	-	GH2_13+GH2_13	1	-	-
mRNA_2339	-	-	-	GH13_40+GH13_40	1	-	-
mRNA_2357	-	-	-	GH12	1	-	-
mRNA_2362	-	-	-	GT22	1	-	-
mRNA_2365	-	-	-	GH28	1	-	-
mRNA_2366	-	-	-	PL4_5+PL4_5	1	-	-
mRNA_2370	2.4.99.18:21	GT66(28-674)	GT66_e1(30-675)	GT66	3	GT66_e1	-
mRNA_2385	-	-	-	GT0	1	-	-
mRNA_2392	-	-	-	GT0	1	-	-
mRNA_2397	-	-	-	GH93	1	-	-
mRNA_2400	-	-	-	GH16_22+GH16_22	1	-	-
mRNA_2408	-	-	-	GH51_1	1	-	-
mRNA_2417	-	-	-	GH20	1	-	-
mRNA_2424	-	-	-	AA12	1	-	-
mRNA_2427	-	-	-	CBM1+GH95	1	-	-
mRNA_2428	-	-	-	GH92	1	-	-
mRNA_2435	-	-	-	GH0	1	-	-
mRNA_2436	-	-	-	GH51_2+GH51_2	1	-	-
mRNA_2442	-	-	-	GH2_10+GH2_10	1	-	-
mRNA_2448	-	CE16(43-333)	CE16_e2(42-334)	CE16	3	CE16_e2	xylan
mRNA_2450	-	-	-	GT76	1	-	-
mRNA_2456	-	-	-	GH18	1	-	-
mRNA_2457	-	-	-	GH47	1	-	-
mRNA_2458	-	-	-	GH45_2+CBM1+GH45_2	1	-	-
mRNA_2461	-	-	AA3_e34(1-215)	-	1	-	-
mRNA_2471	-	-	-	CE4	1	-	-
mRNA_2474	-	-	-	AA9	1	-	-
mRNA_2482	-	-	-	CBM50	1	-	-
mRNA_2501	-	-	-	GH71	1	-	-
mRNA_2503	-	-	-	CE4	1	-	-
mRNA_2506	-	-	-	GT0	1	-	-
mRNA_2515	-	-	-	GH71	1	-	-
mRNA_2519	-	-	-	GH27+CBM35	1	-	-
mRNA_2525	-	-	-	GH75	1	-	-
mRNA_2528	-	-	-	GT0	1	-	-
mRNA_2531	-	-	-	GH5	1	-	-
mRNA_2532	-	-	-	GH13_40+GH13_40	1	-	-
mRNA_2533	3.2.1.10:1;3.2.1.20:4;3.2.1.70:1;3.2.1.-:1;5.4.99.11:5	GH13_40(35-393)	GH13_e122(35-393)	GH13_40+GH13_40	3	GH13_40	alpha-glucan;sucrose
mRNA_2536	-	-	-	GH18	1	-	-
mRNA_2539	-	-	-	GH18	1	-	-
mRNA_2541	-	-	-	GH20	1	-	-
mRNA_2545	-	-	-	GT0	1	-	-
mRNA_2546	-	-	-	PL20	1	-	-
mRNA_2549	-	-	-	GH45_2+CBM1+GH45_2	1	-	-
mRNA_2554	-	-	-	GH55_2+GH55_2	1	-	-
mRNA_2558	-	-	-	GH16_18+GH16_18	1	-	-
mRNA_2560	-	-	-	GT22	1	-	-
mRNA_2595	-	-	-	CBM12	1	-	-
mRNA_26	-	-	-	GH47	1	-	-
mRNA_2600	-	-	-	AA9	1	-	-
mRNA_2604	-	-	-	GH76	1	-	-
mRNA_2626	-	-	-	GH2_16+GH2_16	1	-	-
mRNA_2627	-	-	-	CBM20+GH15	1	-	-
mRNA_2630	-	-	-	CBM48	1	-	-
mRNA_2636	-	-	-	GH3	1	-	-
mRNA_2648	-	-	-	GT39	1	-	-
mRNA_2651	-	-	-	GH45_1+GH45_1	1	-	-
mRNA_2654	-	-	-	GH5_7+GH5_7	1	-	-
mRNA_2655	-	-	-	GT66	1	-	-
mRNA_2656	-	-	-	GH36	1	-	-
mRNA_2663	-	-	-	GH47	1	-	-
mRNA_2666	-	-	CBM50_e307(198-240)	CBM50	2	CBM50_e307	chitin
mRNA_2667	-	GH5_11(31-372)	GH5_e82(32-372)	GH5_11+GH5_11	3	GH5_11	-
mRNA_2673	-	-	-	GT57	1	-	-
mRNA_269	-	-	-	GH92	1	-	-
mRNA_2690	3.2.1.23:2	GH2_1(49-683)	GH2_e127(45-816)	GH2_1+GH2_1	3	GH2_1	beta-galactan
mRNA_2693	-	-	-	GT22	1	-	-
mRNA_2694	-	GT22(86-617)	GT22_e3(89-618)	GT22	3	GT22_e3	-
mRNA_2699	-	-	-	AA3_2+AA3_2	1	-	-
mRNA_2709	-	-	-	GH43_6+GH43_6	1	-	-
mRNA_2711	-	-	-	GT59	1	-	-
mRNA_2714	-	-	-	GT2	1	-	-
mRNA_2730	-	-	-	CBM48	1	-	-
mRNA_2740	-	-	-	AA9	1	-	-
mRNA_2743	-	GT2(197-277)	GT2(113-326)	GT2	3	GT2	-
mRNA_2749	-	-	-	GT57	1	-	-
mRNA_275	-	-	-	GT30	1	-	-
mRNA_2751	-	GH16_3(55-328)	GH16_e177(56-328)	GH16_3+GH16_3	3	GH16_3	-
mRNA_2760	-	-	-	CE5	1	-	-
mRNA_2761	-	-	-	GT2+GT2	1	-	-
mRNA_2768	-	-	-	GH47	1	-	-
mRNA_278	-	GH15(310-687)	GH15_e38(311-688)	GH15	3	GH15_e38	-
mRNA_2780	-	-	-	AA9	1	-	-
mRNA_2786	-	-	-	GH43_25+GH43_25	1	-	-
mRNA_2793	-	-	-	GT0	1	-	-
mRNA_2806	-	-	-	GT8	1	-	-
mRNA_2819	-	-	-	GH131	1	-	-
mRNA_2824	-	-	-	CBM1+GH45_1+GH45_1	1	-	-
mRNA_2835	-	-	-	GT32	1	-	-
mRNA_284	-	-	-	GH47	1	-	-
mRNA_2842	-	-	-	GT2	1	-	-
mRNA_2846	-	-	-	GH63	1	-	-
mRNA_2856	-	-	-	CBM1+AA9	1	-	-
mRNA_2862	-	-	-	GH28	1	-	-
mRNA_287	-	-	-	GH5	1	-	-
mRNA_2872	-	-	-	GT15	1	-	-
mRNA_2886	3.2.1.28:1	GH37(67-644)	GH37_e4(68-645)	GH37	3	GH37_e4	trehalose
mRNA_2887	-	-	-	GH37	1	-	-
mRNA_2888	-	GT17(60-391)	GT17_e12(62-391)	GT17	3	GT17_e12	-
mRNA_2889	-	-	-	GH92	1	-	-
mRNA_289	-	-	-	GH20	1	-	-
mRNA_2899	-	-	-	GH128	1	-	-
mRNA_2902	-	-	-	GH47	1	-	-
mRNA_2905	-	-	-	GH13_31	1	-	-
mRNA_2906	-	-	-	GT22	1	-	-
mRNA_2929	-	-	-	GH13_25+GH133+GH13_25	1	-	-
mRNA_2930	-	-	-	GH13_25+GH133+GH13_25	1	-	-
mRNA_2937	-	AA1(161-682)	AA1_e22(162-682)	AA1	3	AA1_e22	lignin
mRNA_2941	-	-	-	GH3	1	-	-
mRNA_2942	3.2.1.174:2	GH78(275-691)	GH78_e52(90-691)	GH78	3	GH78_e52	pectin
mRNA_2946	3.2.1.3:94|1.14.99.55:4	GH15(61-460)+CBM20(540-630)	GH15_e31(67-461)+CBM20_e25(541-630)	GH15+CBM20	3	GH15_e31|CBM20_e25	alpha-glucan
mRNA_2947	3.2.1.1:16|1.14.99.55:4	GH13_1(57-361)+CBM20(527-617)	GH13_e19(58-362)+CBM20_e25(529-618)	GH13_1+CBM20+GH13_1	3	GH13_1|CBM20_e25	alpha-glucan
mRNA_2950	-	-	-	GH28	1	-	-
mRNA_2956	-	-	-	GH27	1	-	-
mRNA_2957	-	-	-	GT1	1	-	-
mRNA_2958	1.14.99.54:5;1.14.99.56:1	AA9(5-214)	AA9_e7(7-215)	AA9	3	AA9_e7	cellulose
mRNA_2959	-	-	-	GH18	1	-	-
mRNA_2960	-	GH18(18-343)	GH18_e143(16-344)	GH18	3	GH18_e143	-
mRNA_2967	3.2.1.-:1	GH18(24-357)	GH18_e227(12-356)	GH18	3	GH18_e227	peptidoglycan
mRNA_297	-	GH154(25-373)	GH154_e10(26-373)	GH154	3	GH154_e10	arabinogalactan
mRNA_2975	-	GH16_18(71-227)	GH16_e149(72-228)	GH16_18+GH16_18	3	GH16_18	-
mRNA_2976	-	-	-	GH88	1	-	-
mRNA_2981	-	-	-	AA3_2+AA3_2	1	-	-
mRNA_2994	-	-	-	GT35	1	-	-
mRNA_2997	-	-	-	GH0	1	-	-
mRNA_3	-	-	-	GH43_36+CBM91+GH43_36	1	-	-
mRNA_300	-	-	-	GH154	1	-	-
mRNA_3009	-	-	-	CBM50	1	-	-
mRNA_3016	-	-	-	GT22	1	-	-
mRNA_3019	-	-	-	GH47	1	-	-
mRNA_3029	-	-	-	CE9	1	-	-
mRNA_3030	3.2.1.39:20	GH81(34-729)	GH81_e0(40-730)	GH81	3	GH81_e0	beta-glucan
mRNA_3037	3.2.1.113:12	GH47(46-519)	GH47_e16(47-519)	GH47	3	GH47_e16	host glycan
mRNA_3053	-	-	-	GH3	1	-	-
mRNA_3055	-	-	-	GH45_1+GH45_1	1	-	-
mRNA_3059	-	AA2(24-276)	AA2_e1(23-277)	AA2	3	AA2_e1	lignin
mRNA_3065	-	AA2(130-232)	AA2_e1(133-230)	AA0	3	AA2_e1	lignin
mRNA_3073	-	-	-	GH43_30	1	-	-
mRNA_3081	-	-	-	GH135	1	-	-
mRNA_3084	-	-	-	GH2_3+GH2_3	1	-	-
mRNA_3087	-	-	-	GH47	1	-	-
mRNA_309	-	-	-	GH5_5+GH5_5	1	-	-
mRNA_3094	-	-	-	GT22	1	-	-
mRNA_3100	-	-	-	CE5	1	-	-
mRNA_3114	-	-	-	GH13_5+GH13_5	1	-	-
mRNA_3115	-	-	-	GH114	1	-	-
mRNA_3118	-	-	-	GH16_22+GH16_22	1	-	-
mRNA_3123	-	-	-	GH47	1	-	-
mRNA_3128	-	-	-	AA9	1	-	-
mRNA_3151	-	-	-	GH38	1	-	-
mRNA_3169	-	-	-	GT32	1	-	-
mRNA_318	-	-	-	GH71	1	-	-
mRNA_3181	-	-	-	GH0	1	-	-
mRNA_3186	-	-	-	AA4	1	-	-
mRNA_3197	-	-	-	GH46	1	-	-
mRNA_3199	-	-	-	GH72	1	-	-
mRNA_321	-	-	-	GH0	1	-	-
mRNA_3213	-	-	-	GT0	1	-	-
mRNA_3214	-	-	-	GT0	1	-	-
mRNA_3218	-	-	-	GH3	1	-	-
mRNA_3219	-	-	-	GT1	1	-	-
mRNA_323	-	-	-	GH2_16+GH2_16	1	-	-
mRNA_3239	-	-	-	AA3_2+AA3_2	1	-	-
mRNA_326	-	-	-	GH63	1	-	-
mRNA_3262	-	GH17(22-300)	GH17_e53(24-300)	GH17	3	GH17_e53	-
mRNA_3271	-	-	-	GT20	1	-	-
mRNA_3274	-	-	-	GH53	1	-	-
mRNA_3287	-	-	-	GH17	1	-	-
mRNA_3293	-	-	-	GH72	1	-	-
mRNA_3297	-	-	-	GH16_1+GH16_1	1	-	-
mRNA_3298	2.4.1.109:12	GT39(58-303)	GT39_e9(59-303)	GT39	3	GT39_e9	-
mRNA_330	-	-	-	GT8	1	-	-
mRNA_3303	-	-	-	GH18	1	-	-
mRNA_3305	-	-	-	GH3	1	-	-
mRNA_3307	3.2.1.21:2	GH3(33-248)	GH3_e116(37-249)	GH3	3	GH3_e116	beta-glucan
mRNA_3308	-	-	-	GT31	1	-	-
mRNA_3332	-	-	-	AA5_1+AA5_1	1	-	-
mRNA_3338	3.2.1.37:19;3.2.1.55:4	GH43_1(4-329)	GH43_e53(5-329)	GH43_1+GH43_1	3	GH43_1	xylan
mRNA_3343	-	-	-	GH0	1	-	-
mRNA_335	-	-	-	GH76	1	-	-
mRNA_336	3.2.1.101:2	GH76(209-596)	GH76_e44(214-590)	GH76	3	GH76_e44	alpha-mannan
mRNA_3376	-	-	-	CBM48+GH13_8+GH13_8	1	-	-
mRNA_3380	3.2.1.101:1	GH76(39-415)	GH76_e8(42-415)	GH76	3	GH76_e8	alpha-mannan
mRNA_3385	-	-	-	GH76	1	-	-
mRNA_3394	-	CBM52(22-72)	-	CBM52	2	CBM52	-
mRNA_3396	-	-	-	CBM52	1	-	-
mRNA_3401	-	-	-	GH16_2+GH16_2	1	-	-
mRNA_3407	-	-	-	GH136	1	-	-
mRNA_3414	-	-	-	GH1	1	-	-
mRNA_3417	-	-	-	AA9	1	-	-
mRNA_3418	1.14.99.54:1	AA9(9-228)	AA9_e16(10-228)	AA9	3	AA9_e16	cellulose
mRNA_3420	-	-	-	GH75	1	-	-
mRNA_3427	-	-	-	GT20	1	-	-
mRNA_3429	-	-	-	GH28	1	-	-
mRNA_343	-	-	-	GH43_26	1	-	-
mRNA_3431	-	GT71(218-447)	GT71_e18(219-448)	GT71	3	GT71_e18	-
mRNA_3436	-	-	-	GH64	1	-	-
mRNA_344	-	-	-	AA3_2+AA3_2	1	-	-
mRNA_3442	-	AA7(35-451)	AA7_e3(40-213)	-	2	AA7_e3	-
mRNA_3443	-	-	-	GH72	1	-	-
mRNA_345	-	-	-	GT50	1	-	-
mRNA_3458	-	GT61(356-433)	GT61_e19(313-434)	GT61	3	GT61_e19	-
mRNA_3466	-	GT90(313-622)	GT90_e11(315-623)	GT90	3	GT90_e11	-
mRNA_3469	-	-	-	GH71	1	-	-
mRNA_3477	-	CE5(30-222)	CE5_e48(30-222)	CE5	3	CE5_e48	-
mRNA_3478	-	-	-	GH47	1	-	-
mRNA_3480	-	-	-	GH18	1	-	-
mRNA_3494	-	-	-	GT90	1	-	-
mRNA_3499	-	-	-	CBM14	1	-	-
mRNA_3503	-	-	-	AA1_1+AA1_1	1	-	-
mRNA_3504	-	-	-	GH2_10+GH2_10	1	-	-
mRNA_3529	2.4.1.173:23;2.4.1.-:3	GT1(326-556)	GT1_e153(78-557)	GT1	3	GT1_e153	-
mRNA_3546	-	-	-	PL1_4+PL1_4	1	-	-
mRNA_3559	-	-	-	GH3	1	-	-
mRNA_3562	-	-	-	GH72+CBM43	1	-	-
mRNA_3564	3.2.1.28:32	GH37(155-714)	GH37_e7(170-713)	GH37	3	GH37_e7	trehalose
mRNA_3572	-	-	-	GT90	1	-	-
mRNA_3576	-	-	-	GT8	1	-	-
mRNA_3579	1.1.3.-:1	AA7(41-269)	AA7_e0(41-472)	AA7	3	AA7_e0	xylan
mRNA_3581	-	-	-	GH18+CBM18	1	-	-
mRNA_3585	-	-	-	GH16_4+GH16_4	1	-	-
mRNA_3591	3.2.1.113:99	GH47(236-731)	GH47_e17(237-732)	GH47	3	GH47_e17	host glycan
mRNA_3592	-	-	-	GH47	1	-	-
mRNA_3594	3.2.1.21:10;3.2.1.37:4	GH3(137-352)	GH3_e32(138-353)	GH3	3	GH3_e32	beta-glucan;xylan
mRNA_3597	-	-	-	CBM50	1	-	-
mRNA_3605	-	-	-	GH51_1+GH51_1	1	-	-
mRNA_3610	-	-	-	GT69	1	-	-
mRNA_3612	-	-	-	GT8	1	-	-
mRNA_3616	-	-	-	GH3	1	-	-
mRNA_3617	-	-	-	GH11	1	-	-
mRNA_362	-	-	-	GH27	1	-	-
mRNA_3622	-	-	-	GH54+CBM42	1	-	-
mRNA_3628	-	-	-	AA6	1	-	-
mRNA_363	-	-	-	GT31	1	-	-
mRNA_3638	-	-	-	AA3_2+AA3_2	1	-	-
mRNA_3643	3.2.1.4:2	GH5_5(21-325)	GH5_e97(22-325)	GH5_5+GH5_5	3	GH5_5	beta-glucan
mRNA_3644	-	-	-	GH5_5+GH5_5	1	-	-
mRNA_3659	-	AA3(148-720)	-	-	1	-	-
mRNA_3666	-	-	-	GH55_2	1	-	-
mRNA_3673	-	-	-	GT1	1	-	-
mRNA_3676	-	-	-	GH154	1	-	-
mRNA_3677	-	GT69(116-355)	GT69_e0(117-356)	GT69	3	GT69_e0	-
mRNA_3687	-	-	-	GT22	1	-	-
mRNA_3691	-	-	-	GT1	1	-	-
mRNA_3703	-	-	-	CBM13	1	-	-
mRNA_3704	-	-	-	GH17+GT48	1	-	-
mRNA_3705	-	-	-	GH128	1	-	-
mRNA_3712	-	-	-	GH3	1	-	-
mRNA_3714	-	GH16_18(73-229)	GH16_e153(74-230)	GH16_18+GH16_18	3	GH16_18	-
mRNA_3715	-	-	-	GH5_5+GH5_5	1	-	-
mRNA_372	-	GH16_1(102-346)	GH16_e91(103-333)	GH16_1+GH16_1	3	GH16_1	-
mRNA_3724	3.2.1.39:7	GH16_4(175-500)	GH16_e102(176-501)	GH16_4+GH16_4	3	GH16_4	beta-glucan
mRNA_3725	-	GT2(531-736)	-	GT0	2	GT2	-
mRNA_373	-	-	-	GT8	1	-	-
mRNA_3730	-	-	-	CBM50	1	-	-
mRNA_3731	3.2.1.21:13	GH3(183-395)	GH3_e180(183-396)	GH3	3	GH3_e180	beta-glucan
mRNA_3736	-	-	-	GH105	1	-	-
mRNA_3743	-	-	-	AA3_2+AA3_2	1	-	-
mRNA_3745	-	-	-	GH79	1	-	-
mRNA_375	-	-	-	GH18	1	-	-
mRNA_3752	-	-	-	GH16_1+GH16_1	1	-	-
mRNA_3759	-	-	-	GH76	1	-	-
mRNA_3764	-	-	-	GT1	1	-	-
mRNA_3766	3.2.1.58:16	GH55_2(24-754)	GH55_e8(24-751)	GH55_2+GH55_2	3	GH55_2	beta-glucan
mRNA_3768	-	-	-	CBM1	1	-	-
mRNA_3770	-	-	-	GH5_12+GH5_12	1	-	-
mRNA_3778	-	-	-	GH162	1	-	-
mRNA_3783	-	-	-	CE5	1	-	-
mRNA_3796	2.4.1.198:3	GT4(286-425)	GT4_e954(290-428)	GT4	3	GT4_e954	-
mRNA_3798	-	-	-	GH125	1	-	-
mRNA_3822	-	-	-	AA5_2+AA5_2+CBM32	1	-	-
mRNA_3823	-	-	-	GH12	1	-	-
mRNA_3826	1.14.99.54:2;1.14.99.56:4	AA9(5-225)	AA9_e31(7-225)	AA9	3	AA9_e31	cellulose
mRNA_3840	-	-	-	GH92	1	-	-
mRNA_3853	-	-	-	GT57	1	-	-
mRNA_3858	-	-	-	GH13_11	1	-	-
mRNA_386	-	-	-	GH36	1	-	-
mRNA_3863	-	-	-	GH18	1	-	-
mRNA_3867	1.10.3.2:2|-	AA1_3(62-380)	AA1_e18(67-380)+AA1_e9(473-637)	AA1	3	AA1_3|AA1_e9	lignin
mRNA_3878	-	-	-	GT2	1	-	-
mRNA_388	1.1.3.-:1	AA7(195-389)	AA7_e0(195-385)	GH20	3	AA7_e0	xylan
mRNA_3887	-	-	-	GH2_10+GH2_10	1	-	-
mRNA_3893	-	-	-	GT0	1	-	-
mRNA_3896	-	-	-	GH115	1	-	-
mRNA_3900	2.4.1.-:1	GT69(56-334)	GT69_e1(56-334)	GT69	3	GT69_e1	-
mRNA_3911	-	-	-	GT32	1	-	-
mRNA_3915	-	-	-	GH16_1+GH16_1	1	-	-
mRNA_3918	-	-	-	GH13_1+GH13_1	1	-	-
mRNA_3919	-	-	-	GH43_6+GH43_6	1	-	-
mRNA_3920	-	-	CBM48_e62(9-65)	CBM48	2	CBM48_e62	alpha-glucan
mRNA_3929	-	-	-	GT62	1	-	-
mRNA_3938	-	-	-	GH3	1	-	-
mRNA_394	-	GH16_1(65-312)	GH16_e226(70-312)	GH16_1+GH16_1	3	GH16_1	-
mRNA_3940	-	-	-	GT20	1	-	-
mRNA_3946	-	-	-	GT1	1	-	-
mRNA_395	-	-	-	GH16_1+GH16_1	1	-	-
mRNA_3950	-	-	-	GH24	1	-	-
mRNA_3955	-	-	-	CBM35	1	-	-
mRNA_3958	3.2.1.101:1	GH76(30-400)	GH76_e8(32-402)	GH76	3	GH76_e8	alpha-mannan
mRNA_3959	-	-	-	CBM18+GH18	1	-	-
mRNA_3964	-	-	-	GT0	1	-	-
mRNA_3968	-	-	-	GT57	1	-	-
mRNA_397	-	-	-	GH31_15+GH31_15	1	-	-
mRNA_3973	-	-	-	GH5_24+GH5_24	1	-	-
mRNA_3977	-	GH5_24(65-378)	GH5_e56(66-378)	GH5_24+GH5_24	3	GH5_24	-
mRNA_3982	-	-	-	GH72	1	-	-
mRNA_3985	-	-	-	GT20	1	-	-
mRNA_3987	-	GT2(263-542)	-	GT2	2	GT2	-
mRNA_3991	-	-	-	CBM50	1	-	-
mRNA_4	-	-	-	GT2	1	-	-
mRNA_4005	-	-	-	GT8	1	-	-
mRNA_4011	-	-	-	GT1	1	-	-
mRNA_4023	-	-	-	GT8	1	-	-
mRNA_4024	2.4.1.257:12	GT32(129-211)	GT32_e68(132-210)	GT32	3	GT32_e68	-
mRNA_4025	-	-	-	GT32	1	-	-
mRNA_4040	-	-	-	GT1	1	-	-
mRNA_4052	-	-	-	AA11	1	-	-
mRNA_4054	-	-	-	GH152	1	-	-
mRNA_4069	-	GT69(150-426)	GT69_e6(151-426)	GT69	3	GT69_e6	-
mRNA_4071	-	GH35(21-222)	GH35_e11(22-206)	GH35	3	GH35_e11	-
mRNA_4072	-	-	-	GT31	1	-	-
mRNA_4075	-	-	-	GT31	1	-	-
mRNA_4078	-	-	-	GT15	1	-	-
mRNA_4086	-	-	-	GH78	1	-	-
mRNA_4088	-	-	-	GT49	1	-	-
mRNA_4090	-	-	-	AA5_1+AA5_1+CBM18	1	-	-
mRNA_4096	-	-	-	GT2	1	-	-
mRNA_4100	-	-	-	GT15	1	-	-
mRNA_4106	-	-	-	GH76	1	-	-
mRNA_4109	-	-	-	GH152	1	-	-
mRNA_4123	-	-	-	GH95	1	-	-
mRNA_4129	-	-	-	GT2	1	-	-
mRNA_4130	-	-	-	GH29	1	-	-
mRNA_4132	-	-	-	CBM18+CBM18+CBM18+CBM18+CE4	1	-	-
mRNA_4140	3.2.1.4:1	GH5_5(23-317)	GH5_e131(23-318)	GH5_5+GH5_5	3	GH5_5	beta-glucan
mRNA_4141	-	-	-	AA12	1	-	-
mRNA_4142	-	-	-	GT31	1	-	-
mRNA_4155	-	-	-	GH15+CBM20	1	-	-
mRNA_416	-	-	-	GT31	1	-	-
mRNA_4164	-	-	-	GT47+GT64	1	-	-
mRNA_4165	-	-	-	GT0	1	-	-
mRNA_4168	-	-	-	GT2	1	-	-
mRNA_4176	-	-	-	GH54+CBM42	1	-	-
mRNA_4183	3.2.1.6:2	GH16_3(31-286)	GH16_e87(32-287)	GH16_3+GH16_3	3	GH16_3	beta-glucan
mRNA_4188	-	-	-	GT1	1	-	-
mRNA_4195	-	GH18(23-271)	GH18_e161(25-273)	GH18	3	GH18_e161	-
mRNA_4198	-	-	-	GH28	1	-	-
mRNA_4200	-	-	-	GT7	1	-	-
mRNA_4202	-	-	-	GH12	1	-	-
mRNA_4211	-	GT76(28-490)	GT76_e8(28-490)	GT76	3	GT76_e8	-
mRNA_4220	-	-	-	GT33	1	-	-
mRNA_4221	-	-	-	GT32	1	-	-
mRNA_4239	-	-	-	GH130_3	1	-	-
mRNA_4241	-	-	-	CBM48	1	-	-
mRNA_4249	-	-	-	GH16_22+GH16_22	1	-	-
mRNA_4257	-	-	-	GT22	1	-	-
mRNA_4258	-	-	-	GT22	1	-	-
mRNA_4265	-	AA8(14-173)	AA8_e6(14-175)	AA0	3	AA8_e6	lignin
mRNA_4275	-	-	-	GT1	1	-	-
mRNA_4277	-	-	-	GH0	1	-	-
mRNA_4279	-	-	-	GT1	1	-	-
mRNA_4280	-	-	-	GH45_1+GH45_1	1	-	-
mRNA_4286	2.4.1.132:6;2.4.1.257:6	GT4(257-424)	GT4_e2823(259-426)	GT4	3	GT4_e2823	-
mRNA_4288	-	-	-	GH20	1	-	-
mRNA_4292	-	-	-	GH13_5+GH13_5	1	-	-
mRNA_4301	-	-	-	GH2_10+GH2_10	1	-	-
mRNA_4303	-	-	-	GH71	1	-	-
mRNA_4316	-	-	-	GH55_2+GH55_2	1	-	-
mRNA_4322	-	-	-	GT31	1	-	-
mRNA_4325	3.2.1.177:12	GH31(262-692)	GH31_e31(262-692)	GH31	3	GH31_e31	xyloglucan
mRNA_4330	1.14.99.54:2;1.14.99.56:2	AA9(10-234)	AA9_e20(12-234)	CBM1+AA9	3	AA9_e20	cellulose
mRNA_4331	-	-	-	AA1	1	-	-
mRNA_4332	-	-	-	CE1	1	-	-
mRNA_4334	-	-	-	GT1	1	-	-
mRNA_4337	-	-	-	GT0	1	-	-
mRNA_4340	-	-	-	GT22	1	-	-
mRNA_4341	-	-	-	AA3_3+AA3_3	1	-	-
mRNA_4344	-	-	-	GH16_22	1	-	-
mRNA_4346	-	-	-	GT2	1	-	-
mRNA_4368	-	-	-	GT95	1	-	-
mRNA_4377	-	-	-	GH5_12	1	-	-
mRNA_4380	-	-	-	GH5_7+GH5_7+CBM1	1	-	-
mRNA_4381	2.4.1.131:1	GT4(381-544)	GT4_e1364(383-544)	GT4	3	GT4_e1364	-
mRNA_4386	-|-	GT2(263-425)+GT2(403-636)	GT2(264-427)+GT2(454-701)	GT2	3	GT2|GT2	-
mRNA_4404	-	-	-	GH89	1	-	-
mRNA_4407	-	GT32(107-186)	GT32_e69(109-186)	GT32	3	GT32_e69	-
mRNA_4408	-	-	-	AA7	1	-	-
mRNA_4422	-	-	-	CE16	1	-	-
mRNA_4424	-	-	-	AA3_2+AA3_2	1	-	-
mRNA_4427	-	-	-	PL1_7+PL1_7	1	-	-
mRNA_445	-	-	GT1_e51(13-173)	GT1	2	GT1_e51	-
mRNA_4451	-	-	-	GT50	1	-	-
mRNA_4453	-	-	-	GT17	1	-	-
mRNA_4457	-	-	-	GH24	1	-	-
mRNA_4465	-	AA11(2-174)	AA11_e8(1-175)	AA11	3	AA11_e8	chitin
mRNA_4470	2.4.1.109:8	GT39(64-308)	GT39_e12(65-309)	GT39	3	GT39_e12	-
mRNA_4476	-	-	-	GH2_10+GH2_10	1	-	-
mRNA_448	-	-	-	GH31_1+GH31_1	1	-	-
mRNA_4490	3.2.1.52:9	GH20(237-582)	GH20_e10(239-583)	GH20	3	GH20_e10	host glycan
mRNA_4491	-	-	-	GH20	1	-	-
mRNA_4493	-	GH16_18(73-229)	GH16_e274(74-230)	GH16_18+GH16_18	3	GH16_18	-
mRNA_4496	-	-	-	GT15	1	-	-
mRNA_4502	-	-	-	CE16	1	-	-
mRNA_4506	-	-	-	GH30_3+GH30_3	1	-	-
mRNA_4509	-	-	-	GH152	1	-	-
mRNA_4519	-	-	-	GT31	1	-	-
mRNA_4521	-	-	-	GH5_30+GH5_30	1	-	-
mRNA_453	-	-	-	GH76	1	-	-
mRNA_4541	-	-	-	GH127	1	-	-
mRNA_4555	-	-	-	CE9	1	-	-
mRNA_4565	-	-	-	GH18+CBM18	1	-	-
mRNA_4567	-	-	-	GH92	1	-	-
mRNA_4579	-	-	-	AA9	1	-	-
mRNA_4588	-	-	-	GT2	1	-	-
mRNA_4592	-	-	-	GH2_13+GH2_13	1	-	-
mRNA_4597	-	-	-	GH93	1	-	-
mRNA_4603	-|-|-|-|-	CE8(92-348)+CE8(458-741)+CE8(804-1096)+CE8(1149-1432)+CE8(1511-1804)	CE8_e46(96-375)+CE8_e46(464-744)+CE8_e46(800-1097)+CE8_e46(1154-1442)+CE8_e46(1511-1805)	CE8+CE8+CE8+CE8+CE8	3	CE8_e46|CE8_e46|CE8_e46|CE8_e46|CE8_e46	pectin
mRNA_4607	-	-	-	PL9_3+PL9_3	1	-	-
mRNA_4612	-	-	-	GH16_18+GH16_18	1	-	-
mRNA_4613	-	-	-	GH38	1	-	-
mRNA_4614	-	GH105(47-380)	GH105_e57(49-380)	GH105	3	GH105_e57	-
mRNA_4620	-	-	-	GT0	1	-	-
mRNA_463	-	-	-	GH16_2+GH16_2	1	-	-
mRNA_4647	-	-	-	PL9_3+PL9_3	1	-	-
mRNA_4651	-	-	-	GT22	1	-	-
mRNA_4665	-	-	-	GH1	1	-	-
mRNA_4669	-	-	-	GT48	1	-	-
mRNA_4671	-	-	-	GH29	1	-	-
mRNA_4682	3.2.1.75:2	GH5_15(97-396)	GH5_e206(98-397)	GH5_15+GH5_15	3	GH5_15	beta-glucan
mRNA_4687	-	-	-	PL9_3+PL9_3	1	-	-
mRNA_4692	3.2.1.4:1	GH12(176-327)	GH12_e17(185-327)	GH12	3	GH12_e17	cellulose
mRNA_4693	-	GT2(306-539)	GT2(307-589)	GT2	3	GT2	-
mRNA_4698	-	-	-	AA1_2+AA1_2	1	-	-
mRNA_4703	-	-	-	GT2	1	-	-
mRNA_4704	-	-	-	GT31	1	-	-
mRNA_4711	-	-	-	GH13_25+GH133+GH13_25	1	-	-
mRNA_4715	-	-	-	GT31	1	-	-
mRNA_4720	-	-	-	GT20	1	-	-
mRNA_4721	2.4.1.15:11	GT20(173-624)	GT20_e24(175-623)	GT20	3	GT20_e24	-
mRNA_4724	3.2.1.55:10	GH51_2(201-629)	GH51_e35(200-628)	GH51_2+GH51_2	3	GH51_2	arabinan
mRNA_4731	-	GH13(207-546)	GH13_e84(347-545)	GH0	3	GH13_e84	-
mRNA_4734	-	-	-	GH51_1+GH51_1	1	-	-
mRNA_4736	-	-	-	GH125	1	-	-
mRNA_4737	-	-	-	GH5_31+GH5_31	1	-	-
mRNA_4738	2.4.1.267:14	GT57(76-307)+GT57(346-575)	GT57_e0(76-575)	GT57	3	GT57_e0	-
mRNA_474	-	-	-	GT1	1	-	-
mRNA_4741	-	-	-	CE8	1	-	-
mRNA_4745	-	-	-	GH2_13+GH2_13	1	-	-
mRNA_4747	-	-	-	GT31	1	-	-
mRNA_4748	-	-	-	GH47	1	-	-
mRNA_4753	-	-	-	GT2	1	-	-
mRNA_4754	-	GH154(14-399)	GH154_e10(15-399)	GH154	3	GH154_e10	arabinogalactan
mRNA_4755	-	GH88(87-491)	GH88_e4(89-493)	GH88	3	GH88_e4	host glycan
mRNA_4756	-	-	-	GH154	1	-	-
mRNA_4757	-	-	-	GT31	1	-	-
mRNA_4759	-	-	-	GH3	1	-	-
mRNA_4763	-	GH188(4-209)	-	-	1	-	-
mRNA_4764	-	GH188(8-244)	-	-	1	-	-
mRNA_4766	-	GH188(7-260)	-	-	1	-	-
mRNA_4769	-	-	-	CBM50	1	-	-
mRNA_4770	-	-	-	GT1	1	-	-
mRNA_4775	-	-	-	GH37	1	-	-
mRNA_4786	-	-	-	GT27	1	-	-
mRNA_4795	-	-	-	GT22	1	-	-
mRNA_4798	-	GT22(8-404)	GT22_e27(13-405)	GT22	3	GT22_e27	-
mRNA_4808	-	-	-	GH5_12+GH5_12	1	-	-
mRNA_481	-	-	-	AA14	1	-	-
mRNA_482	-	GH76(86-525)	GH76_e26(295-450)	GH0	3	GH76_e26	-
mRNA_4832	-	-	-	GT13	1	-	-
mRNA_4837	-	-	-	GH5	1	-	-
mRNA_4838	-	-	-	CBM50+CBM50+CBM50	1	-	-
mRNA_4849	3.2.1.24:32	GH38(287-547)	GH38_e20(288-545)	GH38	3	GH38_e20	host glycan
mRNA_4857	-	-	-	GT20	1	-	-
mRNA_4862	3.2.1.26:1|3.2.1.26:1	CBM38(40-168)+GH32(224-517)	CBM38_e5(42-169)+GH32_e104(225-524)	CBM38+GH32	3	CBM38_e5|GH32_e104	fructan
mRNA_4863	-	-	-	AA1_3+AA1_3	1	-	-
mRNA_487	-	-	-	GT90	1	-	-
mRNA_4887	-	-	-	GH5_5+GH5_5	1	-	-
mRNA_4890	-	-	-	AA9	1	-	-
mRNA_4892	-	-	-	CE8	1	-	-
mRNA_4904	-	-	-	CBM14	1	-	-
mRNA_4908	-	-	-	GT71	1	-	-
mRNA_4913	-	AA3_2(13-543)	AA3_e4(14-543)	AA3_2+AA3_2	3	AA3_2	-
mRNA_4916	2.4.1.-:1;3.2.1.-:2	GH17(530-799)	GH17_e67(532-800)	GH17	3	GH17_e67	-;beta-glucan
mRNA_4919	-	-	-	PL7_4+PL7_4	1	-	-
mRNA_492	-	-	-	GH16_1+GH16_1	1	-	-
mRNA_4921	-	-	AA8_e6(1-87)	AA8	2	AA8_e6	lignin
mRNA_4923	-	-	-	GH3	1	-	-
mRNA_4930	-	-	-	GT4	1	-	-
mRNA_4941	-	-	-	GT0	1	-	-
mRNA_4946	-	-	-	CE1	1	-	-
mRNA_4949	-	-	-	GH154	1	-	-
mRNA_4956	-	-	-	GT0	1	-	-
mRNA_4957	-	-	-	AA1	1	-	-
mRNA_4963	-	-	-	GT2	1	-	-
mRNA_4965	-	-	-	CBM50+CBM50+CBM50	1	-	-
mRNA_4967	-	-	-	GT0	1	-	-
mRNA_4968	-	-	-	CE0	1	-	-
mRNA_4971	-	-	-	GT15	1	-	-
mRNA_4981	-	-	-	GH37	1	-	-
mRNA_4985	-	-	-	GH78	1	-	-
mRNA_4996	-	-	-	GH3	1	-	-
mRNA_4997	-	-	-	CBM18	1	-	-
mRNA_5008	-	-	-	GH31_1+GH31_1	1	-	-
mRNA_5012	-	-	-	AA5_1	1	-	-
mRNA_5013	-	-	-	GH12	1	-	-
mRNA_5017	-	-	-	CBM50	1	-	-
mRNA_5018	-	-	-	GH3	1	-	-
mRNA_5037	3.2.1.37:21;3.2.1.55:3;3.2.1.-:1|-	GH43_11(4-305)+CBM91(354-567)	GH43_e285(5-306)+CBM91_e24(354-566)	GH43_11+CBM91+GH43_11	3	GH43_11|CBM91_e24	arabinan;xylan
mRNA_5044	-	-	-	GH89	1	-	-
mRNA_5047	-	-	-	GH5_5+GH5_5	1	-	-
mRNA_5049	-	-	-	GT58	1	-	-
mRNA_506	-	-	-	GH36	1	-	-
mRNA_5062	3.1.1.6:1	CE16(34-339)	CE16_e10(35-340)	CE16	3	CE16_e10	xylan
mRNA_5063	-	-	-	GH76	1	-	-
mRNA_5065	1.10.3.2:1	AA1(73-249)+AA1(335-626)	AA1_e8(74-626)	AA1	3	AA1_e8	lignin
mRNA_5066	-	GH76(33-415)	GH76_e9(36-405)	GH76	3	GH76_e9	-
mRNA_5071	-	-	-	GT57	1	-	-
mRNA_508	-	-	-	GH31_1+GH31_1	1	-	-
mRNA_5090	-	-	-	GH32	1	-	-
mRNA_5094	-	-	-	GH13	1	-	-
mRNA_5107	-	-	-	GH128	1	-	-
mRNA_5115	-	-	-	CBM1+GH18	1	-	-
mRNA_5116	-	GT2(10-180)	GT2(11-179)	GT2	3	GT2	-
mRNA_5120	-	-	-	GH76	1	-	-
mRNA_5129	-	GT34(114-339)	GT34_e9(115-337)	GT34	3	GT34_e9	-
mRNA_5130	-	-	-	GT34	1	-	-
mRNA_5131	-	-	-	GH79	1	-	-
mRNA_5133	-	-	-	GT35	1	-	-
mRNA_5137	-	-	-	GT7	1	-	-
mRNA_5146	-	-	-	GH15	1	-	-
mRNA_5151	-	-	-	CBM18	1	-	-
mRNA_5154	-	-	-	CE8	1	-	-
mRNA_5159	-	-	-	CE4	1	-	-
mRNA_5160	-	CE4(33-176)	CE4_e357(36-177)	CE4	3	CE4_e357	-
mRNA_5169	-	GH125(73-523)	GH125_e2(74-524)	GH125	3	GH125_e2	alpha-mannan
mRNA_5171	-	-	-	GH16_1+GH16_1	1	-	-
mRNA_5184	-	AA4(124-358)	AA4_e1(130-368)	GH3	3	AA4_e1	lignin
mRNA_5185	-	-	-	CBM52	1	-	-
mRNA_5195	1.6.5.6:3	AA6(4-201)	AA6_e0(5-201)	AA6	3	AA6_e0	lignin
mRNA_5197	-	-	-	GT1	1	-	-
mRNA_5198	-	-	-	GT1	1	-	-
mRNA_5199	-	-	-	GH5	1	-	-
mRNA_5203	-	-	-	CE4	1	-	-
mRNA_5226	-	-	-	GH16_1+GH16_1	1	-	-
mRNA_5261	-	-	-	GH5_12	1	-	-
mRNA_5281	-	-	-	GT59	1	-	-
mRNA_5301	-	-	-	GT39	1	-	-
mRNA_5304	-	-	-	GH0	1	-	-
mRNA_5313	-	-	-	AA1_2+AA1_2	1	-	-
mRNA_532	-	AA9(10-252)	AA9_e11(16-252)	AA9	3	AA9_e11	-
mRNA_5333	-	-	-	GH16_1+GH16_1	1	-	-
mRNA_5343	-	-	-	GH78	1	-	-
mRNA_5345	3.2.1.40:1|3.1.1.73:2;3.2.1.40:8	CBM67(146-307)+GH78(336-878)	CBM67_e28(146-308)+GH78_e80(336-879)	GH78	3	CBM67_e28|GH78_e80	-;alpha-rhamnoside;rhamnose
mRNA_5348	-	-	-	GH5_12	1	-	-
mRNA_535	-	-	-	GT4	1	-	-
mRNA_5351	-	-	-	CE4	1	-	-
mRNA_5359	2.4.1.257:2;2.4.1.-:2	GT62(75-339)	GT62_e0(76-340)	GT62	3	GT62_e0	-
mRNA_5363	-	GH16_1(61-298)	GH16_e109(62-298)	GH16_1+GH16_1	3	GH16_1	-
mRNA_5364	-	GT34(170-432)	GT34_e13(171-433)	GT34	3	GT34_e13	-
mRNA_5375	-	-	-	GH3	1	-	-
mRNA_5376	-	-	-	GT2	1	-	-
mRNA_5379	-	-	GT32_e71(317-362)	GT32	2	GT32_e71	-
mRNA_538	-	-	-	PL38	1	-	-
mRNA_5387	-	-	-	GH3	1	-	-
mRNA_539	-	-	-	GH88	1	-	-
mRNA_5399	-|-	GH16_19(106-272)	CBM18_e20(28-55)+GH16_e15(109-273)	GH16_19+GH16_19+CBM18	3	CBM18_e20|GH16_19	chitin
mRNA_5405	-	-	-	GH0	1	-	-
mRNA_5406	-	GT15(121-426)	GT15_e5(122-427)	GT15	3	GT15_e5	-
mRNA_5408	-	-	-	AA5_2	1	-	-
mRNA_5422	1.14.99.54:3	AA9(8-210)	AA9_e36(12-210)	AA9	3	AA9_e36	cellulose
mRNA_5423	-	-	-	GT8	1	-	-
mRNA_5424	-	GT32(159-246)	GT32_e76(163-245)	GT32	3	GT32_e76	-
mRNA_5439	-	CE1(31-237)	CE1_e39(35-238)	CE1	3	CE1_e39	-
mRNA_5443	3.2.1.4:38	GH5_5(49-327)	GH5_e137(50-327)	GH5_5+GH5_5	3	GH5_5	beta-glucan
mRNA_5448	-	-	-	GH72	1	-	-
mRNA_545	-	GT2(1211-1718)	GT2(1220-1718)	GT2	3	GT2	-
mRNA_546	-	GT2(1089-1597)	GT2(1098-1598)	GT2	3	GT2	-
mRNA_5460	-	-	-	GT8	1	-	-
mRNA_5461	-	-	-	GH28	1	-	-
mRNA_547	-	-	-	AA3_2+AA3_2	1	-	-
mRNA_5475	-	-	-	GH29	1	-	-
mRNA_549	3.2.1.4:4;3.2.1.91:55	GH6(67-359)	GH6_e20(70-359)	GH6	3	GH6_e20	cellulose
mRNA_5491	-	-	-	GH0	1	-	-
mRNA_5497	3.2.1.14:2	GH18(117-466)	GH18_e232(117-464)	GH18+CBM18+CBM18	3	GH18_e232	chitin
mRNA_5498	-	-	CBM50_e959(513-556)	CBM50+CBM50+CBM50+CBM50	2	CBM50_e959	chitin
mRNA_5500	-	-	-	GH43_26+GH43_26	1	-	-
mRNA_5508	-	-	-	GH95	1	-	-
mRNA_5509	-	-	-	GT0	1	-	-
mRNA_5516	3.5.1.41:1	-	CE4_e177(88-181)	CE4	2	CE4_e177	chitin
mRNA_5517	-	-	-	CE4	1	-	-
mRNA_552	-	-	-	GT0	1	-	-
mRNA_5529	-	-	-	GH15	1	-	-
mRNA_5532	2.4.1.142:10;2.4.1.-:1	GT33(35-472)	GT33_e1(36-473)	GT33	3	GT33_e1	-
mRNA_5533	-	-	-	GH125	1	-	-
mRNA_5540	2.4.1.259:12;2.4.1.261:12	GT22(36-476)	GT22_e1(38-477)	GT22	3	GT22_e1	-
mRNA_5543	-	-	-	GT15	1	-	-
mRNA_5546	-	-	-	GH3	1	-	-
mRNA_5552	-	GT59(148-745)	GT59_e2(148-745)	GT59	3	GT59_e2	-
mRNA_5558	-	-	-	GH76	1	-	-
mRNA_5560	3.2.1.113:7	GH47(126-622)	GH47_e5(126-623)	GH47	3	GH47_e5	host glycan
mRNA_5565	-	-	-	GH72	1	-	-
mRNA_5573	-	-	-	GH15+CBM20	1	-	-
mRNA_5584	-	GH92(287-809)	GH92_e35(287-809)	GH92	3	GH92_e35	host glycan
mRNA_559	2.4.1.11:48	GT3(19-655)	GT3_e0(20-610)	GT3	3	GT3_e0	-
mRNA_5594	-	-	-	GT59	1	-	-
mRNA_5595	-	-	-	GH16_18+GH16_18	1	-	-
mRNA_5597	2.4.1.131:20;2.4.1.-:1	GT15(107-377)	GT15_e0(109-378)	GT15	3	GT15_e0	-
mRNA_560	-	-	-	GH27	1	-	-
mRNA_5609	2.4.1.258:10	GT58(70-449)	GT58_e1(72-449)	GT58	3	GT58_e1	-
mRNA_5610	-	-	-	GT58	1	-	-
mRNA_5612	3.2.1.171:11	GH28(63-374)	GH28_e27(65-374)	GH28	3	GH28_e27	pectin
mRNA_5615	-	-	-	PL1_7+PL1_7	1	-	-
mRNA_5623	-	-	-	GH32	1	-	-
mRNA_5629	-	-	-	GH5_12	1	-	-
mRNA_5633	-	-	-	GH16_1+GH16_1	1	-	-
mRNA_5642	-	-	-	PL1_7+PL1_7	1	-	-
mRNA_5643	-	-	GT92_e3(85-300)	GT0	2	GT92_e3	-
mRNA_5651	-	-	-	GT0	1	-	-
mRNA_5656	-	-	-	GH27	1	-	-
mRNA_5659	3.2.1.21:10;3.2.1.37:4	GH3(89-302)	GH3_e32(89-303)	GH3	3	GH3_e32	beta-glucan;xylan
mRNA_5664	-	GT61(164-287)	GT61_e19(166-291)	GT61	3	GT61_e19	-
mRNA_5675	-	-	-	GH43_21	1	-	-
mRNA_5676	3.2.1.4:18;3.2.1.73:1	GH7(22-464)	GH7_e1(28-465)	GH7	3	GH7_e1	cellulose
mRNA_5681	-	-	-	GH76	1	-	-
mRNA_5683	-	-	-	AA3_2+AA3_2	1	-	-
mRNA_5694	3.2.1.67:7;3.2.1.-:2	GH28(95-443)	GH28_e58(96-443)	GH28	3	GH28_e58	pectin
mRNA_5697	3.2.1.101:1	GH76(26-399)	GH76_e8(27-399)	GH76	3	GH76_e8	alpha-mannan
mRNA_570	-	-	-	PL1_4+PL1_4	1	-	-
mRNA_5711	-	-	-	GH115	1	-	-
mRNA_5712	3.2.1.131:6	GH115(36-757)	GH115_e0(38-1067)	GH115	3	GH115_e0	xylan
mRNA_5719	-	-	-	GH23	1	-	-
mRNA_5730	-	-	-	CE1	1	-	-
mRNA_5731	-	-	-	CBM48	1	-	-
mRNA_5739	-	-	-	GT2	1	-	-
mRNA_5753	-	-	-	GT41	1	-	-
mRNA_5772	-	-	-	GT4	1	-	-
mRNA_5788	-	-	-	GH78	1	-	-
mRNA_5790	-	-	-	GT15	1	-	-
mRNA_5791	-	-	-	GH32	1	-	-
mRNA_5792	-	-	-	AA9	1	-	-
mRNA_58	-	-	-	GH78	1	-	-
mRNA_5800	-	-	-	GT0	1	-	-
mRNA_5801	-	-	-	GH0	1	-	-
mRNA_581	-	-	-	AA11	1	-	-
mRNA_5815	-	-	-	GT31	1	-	-
mRNA_5816	-	-	-	GT71	1	-	-
mRNA_5823	-	-	-	CE0	1	-	-
mRNA_5829	-	-	-	GT31	1	-	-
mRNA_5834	-	-	-	GH45_1+GH45_1	1	-	-
mRNA_5841	-	-	-	GH47	1	-	-
mRNA_5848	-	-	-	GT34	1	-	-
mRNA_5863	-	-	-	GH3	1	-	-
mRNA_5878	-	-	-	GT71	1	-	-
mRNA_5880	-	-	-	GH20	1	-	-
mRNA_5888	-	-	-	GH28	1	-	-
mRNA_5889	-	-	-	GT39	1	-	-
mRNA_5897	-	-	-	AA9	1	-	-
mRNA_590	-	-	-	GT1	1	-	-
mRNA_5900	-	GH3(32-250)	GH3_e185(32-251)	GH3	3	GH3_e185	-
mRNA_5908	-	-	-	GH29	1	-	-
mRNA_5917	-	-	-	GH55_2	1	-	-
mRNA_5918	-	-	-	GH18+CBM18	1	-	-
mRNA_5919	-	-	-	CE5	1	-	-
mRNA_592	2.4.1.131:20;2.4.1.-:1	GT15(74-352)	GT15_e0(76-352)	GT15	3	GT15_e0	-
mRNA_5920	-	-	-	GH95	1	-	-
mRNA_5925	-	-	-	GH47	1	-	-
mRNA_593	-	-	-	GH18	1	-	-
mRNA_5935	-	-	-	GH131	1	-	-
mRNA_5938	-	-	-	GT32	1	-	-
mRNA_5954	3.2.1.-:1	-	GH17_e33(354-588)	GH17	2	GH17_e33	-
mRNA_5958	-	AA7(59-264)	AA7_e3(63-238)	-	2	AA7_e3	-
mRNA_596	-	-	-	GH3	1	-	-
mRNA_5962	-	-	-	GT71	1	-	-
mRNA_5967	-	-	-	GH47	1	-	-
mRNA_5971	3.2.1.113:7	GH47(130-643)	GH47_e5(130-643)	GH47	3	GH47_e5	host glycan
mRNA_5978	-	-	-	GH1	1	-	-
mRNA_5980	1.1.3.13:12	AA3_3(5-641)	AA3_e3(6-642)	AA3_3+AA3_3	3	AA3_3	lignin
mRNA_6	-	-	-	CE4	1	-	-
mRNA_60	-	-	-	GH37	1	-	-
mRNA_6002	-	-	-	GH16_1+GH16_1	1	-	-
mRNA_6009	-	-	AA2_e1(62-175)	AA0	2	AA2_e1	lignin
mRNA_6010	-	-	-	CBM18	1	-	-
mRNA_6018	-	-	-	CBM50	1	-	-
mRNA_6023	-	GT2(661-1185)	GT2(664-1185)	GT2	3	GT2	-
mRNA_6035	-	-	-	GH0	1	-	-
mRNA_6049	-	-	-	AA9	1	-	-
mRNA_6062	-	-	-	GT1	1	-	-
mRNA_6065	-	-	-	GT2	1	-	-
mRNA_6066	3.2.1.39:20	GH81(24-777)	GH81_e0(35-778)	GH81	3	GH81_e0	beta-glucan
mRNA_6071	-	-	-	CBM35	1	-	-
mRNA_6078	-	-	-	GH79	1	-	-
mRNA_6086	-	-	GT41_e74(1579-1858)	GT41	2	GT41_e74	-
mRNA_6088	-	-	-	GT41	1	-	-
mRNA_6091	2.4.1.186:3	GT8(10-222)	GT8_e149(10-224)	GT8	3	GT8_e149	-
mRNA_6103	-	-	-	GH114	1	-	-
mRNA_6106	-	-	-	CE12	1	-	-
mRNA_6120	-	-	-	GT4	1	-	-
mRNA_6121	-	-	-	GH79	1	-	-
mRNA_6122	3.2.1.23:12	GH2_10(47-1001)	GH2_e61(47-1004)	GH2_10+GH2_10	3	GH2_10	beta-galactan
mRNA_6125	-	-	-	GH18+CBM18	1	-	-
mRNA_6126	-	-	-	AA3_2+AA3_2	1	-	-
mRNA_6127	-	-	-	GT2	1	-	-
mRNA_6136	-	GH16_22(34-250)	GH16_e179(36-249)	GH16_22+GH16_22	3	GH16_22	-
mRNA_6137	3.2.1.14:3|3.2.1.14:3|3.2.1.14:3	GH18(515-878)	CBM50_e1036(314-355)+CBM18_e13(457-502)+GH18_e72(516-873)	GH18+CBM50+CBM50+CBM18	3	CBM50_e1036|CBM18_e13|GH18_e72	chitin
mRNA_6139	-	-	-	CBM50+CBM50+CBM50	1	-	-
mRNA_6144	3.1.1.-:1	-	CE15_e15(2-96)	-	1	-	-
mRNA_6145	3.1.1.-:1	-	CE15_e15(1-122)	CE15	2	CE15_e15	-
mRNA_6158	-	-	-	GH2	1	-	-
mRNA_616	3.2.1.171:11	GH28(70-377)	GH28_e27(70-378)	GH28	3	GH28_e27	pectin
mRNA_6164	-	-	-	CE1	1	-	-
mRNA_6170	-	-	-	GH2_13+GH2_13	1	-	-
mRNA_6171	3.2.1.25:3	GH2_13(38-777)	GH2_e138(38-773)	GH2_13+GH2_13	3	GH2_13	beta-mannan
mRNA_6172	-	-	-	GH2_13+GH2_13	1	-	-
mRNA_6177	-	-	-	GT0	1	-	-
mRNA_6182	-	-	-	CE4	1	-	-
mRNA_619	-	-	-	GH81	1	-	-
mRNA_6194	-	GT2(69-307)	GT2(70-308)	GT2	3	GT2	-
mRNA_6196	-	-	-	GH3	1	-	-
mRNA_6198	-	-	-	GT0	1	-	-
mRNA_6200	1.1.3.38:1	AA7(194-389)	AA4_e0(149-334)	GH3	3	AA4_e0	lignin
mRNA_6201	-	-	-	GH78	1	-	-
mRNA_6209	-	-	-	CE5	1	-	-
mRNA_6219	-	-	CE3_e3(86-170)	CE3	2	CE3_e3	-
mRNA_6225	-	-	-	GH11	1	-	-
mRNA_6230	-	-	-	GH1	1	-	-
mRNA_6233	-	-	-	CBM67+CBM67	1	-	-
mRNA_6236	2.4.1.-:4	GT22(4-382)	GT22_e21(1-383)	GT22	3	GT22_e21	-
mRNA_6240	-	-	-	GH38	1	-	-
mRNA_6247	2.4.1.231:3	GT4(454-621)	GT4_e3141(454-622)	GT4	3	GT4_e3141	-
mRNA_6260	-	-	-	AA4	1	-	-
mRNA_6268	-	-	-	GT4	1	-	-
mRNA_6290	-	-	-	AA1_3+AA1_3	1	-	-
mRNA_6293	-	-	-	GT15	1	-	-
mRNA_631	1.14.99.54:5;1.14.99.56:1	AA9(7-214)	AA9_e7(7-216)	AA9	3	AA9_e7	cellulose
mRNA_6311	3.2.1.21:2	GH3(32-244)	GH3_e116(35-245)	GH3	3	GH3_e116	beta-glucan
mRNA_6328	-	-	-	GH5_9+GH5_9	1	-	-
mRNA_6330	3.2.1.96:2	-	GH18_e169(10-231)	GH18	2	GH18_e169	host glycan
mRNA_6340	-	-	-	GH18	1	-	-
mRNA_6341	3.2.1.106:25;3.2.1.-:4	GH63(596-810)	GH63_e12(425-811)	GH63	3	GH63_e12	-;host glycan
mRNA_6347	-	-	-	AA3	1	-	-
mRNA_6354	2.4.1.80:1	GT21(75-370)	GT21_e38(76-371)	GT21	3	GT21_e38	-
mRNA_6357	-	-	-	CE12	1	-	-
mRNA_636	3.1.1.-:1	CE12(18-235)	CE12_e43(19-235)	CE12	3	CE12_e43	xylan
mRNA_6360	-	CE12(142-351)	CE12_e61(143-352)	CE12	3	CE12_e61	-
mRNA_6364	-	-	-	GH154	1	-	-
mRNA_6378	-	-	-	GH47	1	-	-
mRNA_6380	-	-	-	GT0	1	-	-
mRNA_6381	-	-	-	GT0	1	-	-
mRNA_6382	-	-	-	GH47	1	-	-
mRNA_6383	-	GH43_26(5-309)	GH43_e63(8-309)	GH43_26+GH43_26	3	GH43_26	-
mRNA_6384	-	-	-	GH31_4+GH31_4	1	-	-
mRNA_6387	-	-	-	CBM1+GH7	1	-	-
mRNA_6399	-	-	-	GT90	1	-	-
mRNA_6409	-	-	-	GH67	1	-	-
mRNA_6410	-	-	-	GH43_14+CBM91+GH43_14	1	-	-
mRNA_6414	-	-	-	AA4	1	-	-
mRNA_6421	-	-	-	GH105	1	-	-
mRNA_6436	-	-	-	AA3_2+AA3_2	1	-	-
mRNA_6443	1.10.3.2:4;1.10.3.-:1	AA1_3(54-365)	AA1_e46(55-536)	AA1_3+AA1_3	3	AA1_3	lignin
mRNA_6465	-	-	-	GH79	1	-	-
mRNA_648	3.2.1.4:2;3.2.1.132:6;3.2.1.176:83	GH7(19-452)	GH7_e0(20-452)	GH7	3	GH7_e0	cellulose;chitosan
mRNA_6483	1.10.3.2:1	AA1_2(40-376)	AA1_e26(41-498)	AA1_2+AA1_2	3	AA1_2	lignin
mRNA_6491	-	-	-	CBM18	1	-	-
mRNA_65	-	-	-	GH3	1	-	-
mRNA_6511	-	-	-	AA9	1	-	-
mRNA_6516	-	-	-	GT76	1	-	-
mRNA_6528	-	-	-	GH64	1	-	-
mRNA_6530	-	-	-	CBM50	1	-	-
mRNA_6533	-	-	-	GT32	1	-	-
mRNA_6540	-	-	-	GT22	1	-	-
mRNA_6541	1.1.99.18:13	AA3_1(44-586)	AA3_e46(51-586)	AA3_1+AA3_1+CBM1	3	AA3_1	cellulose
mRNA_6562	2.4.1.-:26	GH72(35-334)	GH72_e0(38-334)	GH72	3	GH72_e0	beta-glucan
mRNA_6563	-	-	-	GH72	1	-	-
mRNA_6567	-	-	-	GT0	1	-	-
mRNA_6569	-	-	-	GT76	1	-	-
mRNA_6582	-	-	-	GT57	1	-	-
mRNA_660	-	-	-	GH5_9+GH5_9	1	-	-
mRNA_6600	-	-	GH36_e13(419-595)	GH36	2	GH36_e13	-
mRNA_6601	-	-	-	GH20	1	-	-
mRNA_6608	-	-	-	GH71	1	-	-
mRNA_6609	-	CE1(23-291)	CE1_e38(27-248)	-	2	CE1_e38	-
mRNA_6614	-	-	-	CBM18+CBM18+CBM18+CE4	1	-	-
mRNA_6630	-	-	-	GT57	1	-	-
mRNA_6631	-	-	-	GH131	1	-	-
mRNA_6637	-	AA3(241-815)	AA3_e4(258-815)	AA0	3	AA3_e4	-
mRNA_6646	-	-	-	GH92	1	-	-
mRNA_6647	-|-	GH125(87-586)	GH125_e2(88-242)+GH125_e2(417-587)	GH125	3	GH125_e2|GH125_e2	alpha-mannan
mRNA_6652	-	GH92(323-862)	GH92_e35(324-862)	GH92	3	GH92_e35	host glycan
mRNA_6653	3.2.1.58:16	GH55_2(17-766)	GH55_e8(17-674)	GH55_2+GH55_2	3	GH55_2	beta-glucan
mRNA_666	-	-	-	CBM1+CE1	1	-	-
mRNA_6663	-	-	-	GH1	1	-	-
mRNA_667	-	-	-	GH27	1	-	-
mRNA_6676	-	-	-	GT39	1	-	-
mRNA_6679	-	-	-	GH0	1	-	-
mRNA_668	-	-	-	GH3	1	-	-
mRNA_6682	-	-	-	GH47	1	-	-
mRNA_6694	-	-	-	GH31_1+GH31_1	1	-	-
mRNA_6695	-	-	-	AA9	1	-	-
mRNA_6702	-	-	-	CBM48+GH13_8+GH13_8	1	-	-
mRNA_6714	-	-	-	GH31_4	1	-	-
mRNA_6720	-	-	-	GH18+CBM5+CBM5	1	-	-
mRNA_6729	-	AA7(31-222)	-	-	1	-	-
mRNA_6734	-	-	-	GH79	1	-	-
mRNA_6735	-	-	-	GT1	1	-	-
mRNA_6738	-	-	-	GH16_20	1	-	-
mRNA_6749	-	-	-	GT20	1	-	-
mRNA_6750	-	-	-	GH93	1	-	-
mRNA_6758	2.4.1.34:56	GT48(870-1651)	GT48_e0(873-1650)	GT48	3	GT48_e0	-
mRNA_6759	-	-	-	GT48	1	-	-
mRNA_6765	-	-	-	GH16_1+GH16_1	1	-	-
mRNA_6766	-	-	-	GH47	1	-	-
mRNA_6769	3.2.1.14:1	GH18(32-289)	GH18_e94(33-297)	CBM1+GH18	3	GH18_e94	chitin
mRNA_677	-	-	-	GH25	1	-	-
mRNA_6774	-	-	-	GH10	1	-	-
mRNA_6777	-	-	-	GH5_22+GH5_22	1	-	-
mRNA_6781	-	-	-	GH0	1	-	-
mRNA_6787	-	-	-	GH5_22+GH5_22	1	-	-
mRNA_6789	3.2.1.6:2	GH16_3(33-280)	GH16_e87(34-281)	GH16_3+GH16_3	3	GH16_3	beta-glucan
mRNA_679	-	-	-	GH10	1	-	-
mRNA_6790	-	-	-	AA1_3+AA1_3	1	-	-
mRNA_6791	-	GH128(46-284)	GH128_e2(49-285)	GH128	3	GH128_e2	beta-glucan
mRNA_6797	-	GH18(45-260)	GH18_e161(6-264)	GH18	3	GH18_e161	-
mRNA_6806	-	-	-	GH29	1	-	-
mRNA_6811	-	-	-	GT2	1	-	-
mRNA_6824	-	-	-	GH85	1	-	-
mRNA_6829	-	-	-	GH0	1	-	-
mRNA_6833	-	-	-	GT2	1	-	-
mRNA_6838	-	-	-	GH31_1+GH31_1	1	-	-
mRNA_6840	-	-	-	GH32	1	-	-
mRNA_6844	-	-	-	GH23	1	-	-
mRNA_6847	-	-	-	GH78+GH79	1	-	-
mRNA_6853	-	-	-	AA3	1	-	-
mRNA_6855	-	-	-	GH2_18+GH2_18	1	-	-
mRNA_6865	-	-	-	GH131	1	-	-
mRNA_6867	-	-	-	GH18	1	-	-
mRNA_6871	-	-	-	GT76	1	-	-
mRNA_6875	-	-	-	GH10	1	-	-
mRNA_6892	2.4.1.-:8	GH72(16-331)	GH72_e9(17-331)	GH72	3	GH72_e9	beta-glucan
mRNA_6905	-	-	-	AA3_2+AA3_2	1	-	-
mRNA_6924	-	AA4(112-352)	AA4_e1(120-357)	GH3	3	AA4_e1	lignin
mRNA_693	-	-	-	GH47	1	-	-
mRNA_6933	-	-	-	GH18	1	-	-
mRNA_6953	-	-	-	CBM0	1	-	-
mRNA_6968	-	-	-	GH28	1	-	-
mRNA_6969	-	-	-	GH28	1	-	-
mRNA_6971	-	-	-	GH89	1	-	-
mRNA_6990	-	-	-	GH88	1	-	-
mRNA_6991	-	-	-	GH136	1	-	-
mRNA_6998	-	-	-	GH105	1	-	-
mRNA_6999	-	-	-	GH75	1	-	-
mRNA_7001	-	-	-	CE16	1	-	-
mRNA_7008	-	-	-	PL1_7+PL1_7	1	-	-
mRNA_7010	-	-	-	PL9_3+PL9_3	1	-	-
mRNA_7011	-	-	-	GH72	1	-	-
mRNA_7013	-	-	-	GT0	1	-	-
mRNA_7014	-	-	-	PL4_5+PL4_5	1	-	-
mRNA_7015	-	-	-	PL9_3+PL9_3	1	-	-
mRNA_7016	-	-	-	GH95	1	-	-
mRNA_7019	-	-	-	AA3_2+AA3_2	1	-	-
mRNA_7020	-	-	-	CBM13+CBM13	1	-	-
mRNA_7022	1.14.99.54:4;1.14.99.56:2	AA9(7-232)	AA9_e46(10-232)	AA9	3	AA9_e46	cellulose
mRNA_7031	-	-	-	GH36	1	-	-
mRNA_7032	3.2.1.58:2	GH5_9(582-906)	GH5_e261(583-907)	GH5_9+GH5_9	3	GH5_9	beta-glucan
mRNA_7049	-	-	-	GH71	1	-	-
mRNA_705	-|-	GH35(29-364)	GH35_e22(31-364)+CBM67_e19(734-884)	GH35	3	GH35_e22|CBM67_e19	rhamnose
mRNA_7062	-	-	-	GH27	1	-	-
mRNA_7063	-	-	-	GH76	1	-	-
mRNA_7067	-	-	-	GT32	1	-	-
mRNA_7068	-	-	-	GH16_2	1	-	-
mRNA_7079	-	-	-	CE4+CE4	1	-	-
mRNA_7081	-	-	-	GH37	1	-	-
mRNA_7095	3.2.1.14:25	GH18(6-361)	GH18_e20(7-363)	GH18	3	GH18_e20	chitin
mRNA_7096	-	-	-	GH18	1	-	-
mRNA_7105	-	-	-	GH67	1	-	-
mRNA_7107	-	-	-	AA1_3+AA1_3	1	-	-
mRNA_711	-	-	-	CE16	1	-	-
mRNA_7110	-	-	-	PL7_4+PL7_4	1	-	-
mRNA_7113	-	-	-	GH18	1	-	-
mRNA_7114	-	GH31_2(247-737)	GH31_e95(248-738)	GH31_2+GH31_2	3	GH31_2	-
mRNA_7117	2.4.1.15:146	GT20(12-479)	GT20_e0(14-479)	GT20	3	GT20_e0	-
mRNA_7130	-	-	-	GH16	1	-	-
mRNA_7131	-	-	-	CBM5+GH18	1	-	-
mRNA_7135	1.10.3.2:4;1.10.3.-:1	AA1_3(93-408)	AA1_e46(94-603)	AA1_3+AA1_3	3	AA1_3	lignin
mRNA_7137	-	-	-	CBM48+GH13	1	-	-
mRNA_7139	-	-	-	GT20	1	-	-
mRNA_714	-	-	-	GT39	1	-	-
mRNA_7144	-	GH64(2-249)	GH64_e2(1-250)	GH64	3	GH64_e2	beta-glucan
mRNA_7153	-	CE9(31-445)	CE9_e4(32-445)	CE9	3	CE9_e4	host glycan
mRNA_7154	-	GH3(79-305)	GH3_e188(80-306)	GH3	3	GH3_e188	-
mRNA_7155	-	-	-	GH3	1	-	-
mRNA_7160	3.2.1.21:3	GH3(32-244)	GH3_e51(33-245)	GH3	3	GH3_e51	beta-glucan
mRNA_7161	3.2.1.164:1	GH5_16(44-377)	GH5_e102(46-378)	GH5_16+GH5_16	3	GH5_16	arabinogalactan
mRNA_7165	-	-	-	GT8	1	-	-
mRNA_7172	-	-	-	GH5_5+CBM1+GH5_5	1	-	-
mRNA_7180	-	-	-	GH45_1+GH45_1	1	-	-
mRNA_7181	3.2.1.4:4;3.2.1.-:12	GH5_4(108-380)	GH5_e262(110-380)	GH5_4+GH5_4	3	GH5_4	beta-glucan;xylan
mRNA_7185	-	-	-	CE5	1	-	-
mRNA_7187	-	GT90(345-620)	GT90_e11(347-622)	GT90	3	GT90_e11	-
mRNA_7192	-	-	-	GT90	1	-	-
mRNA_7197	-	-	-	GT0	1	-	-
mRNA_7198	-	-	-	AA3_1+AA3_1+AA8	1	-	-
mRNA_7201	-	-	-	AA3_2+AA3_2	1	-	-
mRNA_7209	-	-	-	PL9_3+PL9_3	1	-	-
mRNA_7218	-	-	-	PL9_3+PL9_3	1	-	-
mRNA_7219	-	-	-	GH75	1	-	-
mRNA_7222	-	-	-	GT2	1	-	-
mRNA_7237	-	-	-	GH11	1	-	-
mRNA_7243	-	-	-	GH72	1	-	-
mRNA_7244	-	-	-	AA9	1	-	-
mRNA_7247	-	-	-	GT0	1	-	-
mRNA_7248	2.4.1.-:1;3.2.1.23:18|-	GH35(47-381)	GH35_e4(47-382)+CBM67_e19(726-874)	GH35	3	GH35_e4|CBM67_e19	-;beta-galactan;rhamnose
mRNA_7249	-	-	-	GT15	1	-	-
mRNA_7253	2.4.1.173:13	GT1(1303-1727)	GT1_e24(1306-1728)	GT1	3	GT1_e24	-
mRNA_7254	-	-	-	GT1	1	-	-
mRNA_7268	-	-	-	GT24	1	-	-
mRNA_727	-	-	-	GT8	1	-	-
mRNA_7272	-	-	-	GT1	1	-	-
mRNA_7274	2.4.1.321:3	GH94(48-791)	GH94_e4(49-789)	GH94	3	GH94_e4	cellulose
mRNA_7275	-	GT2(403-589)	GT2(304-585)	GT2	3	GT2	-
mRNA_7285	-	-	-	CBM1+AA9	1	-	-
mRNA_7286	3.2.1.22:2	GH27(65-306)	GH27_e38(196-302)	GH27	3	GH27_e38	alpha-galactan
mRNA_7292	-	-	-	CE5	1	-	-
mRNA_7298	1.10.3.2:4;1.10.3.-:1	AA1(1-337)	AA1_e46(1-338)	AA1_3+AA1_3	3	AA1_e46	lignin
mRNA_7316	-	-	-	GH1	1	-	-
mRNA_7317	3.1.3.12:1	GT20(141-685)	GT20_e19(145-685)	GT20	3	GT20_e19	-
mRNA_732	-	-	-	GH154	1	-	-
mRNA_7325	-	-	-	GH5_22+GH5_22	1	-	-
mRNA_7328	-	-	-	GH13_5+GH13_5	1	-	-
mRNA_7332	-	-	-	CE12	1	-	-
mRNA_7336	-	-	-	GH75	1	-	-
mRNA_7345	-	GH78(133-716)	GH78_e17(136-717)	GH78	3	GH78_e17	-
mRNA_7353	1.1.99.18:13	AA8(31-237)	AA8_e5(32-238)	AA8	3	AA8_e5	lignin
mRNA_7354	-	-	GT2(1-157)	GT2	2	GT2	-
mRNA_7355	-	AA2(9-268)	AA2_e12(7-268)	AA2	3	AA2_e12	lignin
mRNA_7357	-	-	-	GT1	1	-	-
mRNA_7359	-	-	-	GH43_24+GH43_24	1	-	-
mRNA_7363	-	-	-	GT71	1	-	-
mRNA_7367	-	-	-	GH5_5+CBM1+GH5_5	1	-	-
mRNA_7369	-	-	-	GT1	1	-	-
mRNA_738	3.2.1.21:13	GH3(91-304)	GH3_e180(93-305)	GH3	3	GH3_e180	beta-glucan
mRNA_7383	-	-	-	CBM48+GH13_8+GH13_8	1	-	-
mRNA_7384	-	-	-	GH53	1	-	-
mRNA_7391	3.2.1.96:4	-	GH18_e82(66-277)	GH18	2	GH18_e82	host glycan
mRNA_7398	-	-	-	PL7_4+PL7_4	1	-	-
mRNA_7412	-	-	-	GT2	1	-	-
mRNA_7423	-	-	-	AA3_2+AA3_2	1	-	-
mRNA_7424	-	-	-	AA1	1	-	-
mRNA_7427	-	-	-	AA11	1	-	-
mRNA_7431	-	-	-	GH71	1	-	-
mRNA_7433	-	-	-	GH15+CBM20	1	-	-
mRNA_7434	-	-	-	GH76	1	-	-
mRNA_7436	-	-	-	GH131	1	-	-
mRNA_7437	-	-	-	GH45_1+GH45_1	1	-	-
mRNA_7438	-	-	-	GT2	1	-	-
mRNA_7443	-	-	-	GT22	1	-	-
mRNA_7444	-	-	-	CBM48+GH13_8+GH13_8	1	-	-
mRNA_7449	-	GT1(227-456)	GT1_e555(19-455)	GT1	3	GT1_e555	-
mRNA_7463	-	-	-	GT35	1	-	-
mRNA_7466	3.2.1.8:45	GH10(33-328)	GH10_e64(35-328)	GH10	3	GH10_e64	xylan
mRNA_7477	-	-	-	GH1	1	-	-
mRNA_7488	-	-	-	GH13_25+GH133+GH13_25	1	-	-
mRNA_7493	-	GT90(342-624)	GT90_e11(344-625)	GT90	3	GT90_e11	-
mRNA_7500	1.10.3.2:4;1.10.3.-:1	AA1_3(103-414)	AA1_e46(104-590)	AA1_3+AA1_3	3	AA1_3	lignin
mRNA_7501	-	-	-	GT0	1	-	-
mRNA_7519	-	-	-	GH16_19+GH16_19+CBM18	1	-	-
mRNA_7523	-	-	-	GH43	1	-	-
mRNA_7525	-	-	-	CE1	1	-	-
mRNA_753	-	-	-	GT90	1	-	-
mRNA_7530	-	-	-	GH16_18+GH16_18	1	-	-
mRNA_7534	-	-	-	GT20	1	-	-
mRNA_7540	-	-	-	GT4	1	-	-
mRNA_7556	3.2.1.-:3	GH131(17-255)	GH131_e5(18-256)	GH131	3	GH131_e5	-
mRNA_7557	-	-	-	GH131	1	-	-
mRNA_7560	-	-	-	CBM18+CBM18	1	-	-
mRNA_7563	-	-	-	GH92	1	-	-
mRNA_7570	-	-	-	GH30_7+GH30_7	1	-	-
mRNA_7573	-	-	-	GH30_7+GH30_7	1	-	-
mRNA_7581	-	-	-	GH27	1	-	-
mRNA_7588	-	GH72(19-328)	GH72_e10(21-300)	GH72	3	GH72_e10	beta-glucan
mRNA_7591	-	-	-	PL7_4+PL7_4	1	-	-
mRNA_7596	-	-	-	GH72	1	-	-
mRNA_7611	-	-	-	GT0	1	-	-
mRNA_7612	-	-	-	GT34	1	-	-
mRNA_7621	-	-	-	GH78	1	-	-
mRNA_7623	-	-	-	GH78	1	-	-
mRNA_7624	-	-	-	GH51_1+GH51_1	1	-	-
mRNA_7633	-	-	-	GH132	1	-	-
mRNA_7643	-	-	-	GH0	1	-	-
mRNA_7644	-	-	-	GH0	1	-	-
mRNA_7648	-	-	-	GH13	1	-	-
mRNA_7656	-	-	-	GT39	1	-	-
mRNA_7678	-	-	-	GT2	1	-	-
mRNA_7686	2.4.1.18:166|2.4.1.18:50	GH13_8(211-533)	CBM48_e32(64-150)+GH13_e20(238-531)	CBM48+GH13_8+GH13_8	3	CBM48_e32|GH13_8	alpha-glucan
mRNA_7687	-	-	-	CBM48+GH13_8+GH13_8	1	-	-
mRNA_7691	-	GT2(358-591)	GT2(359-641)	GT2	3	GT2	-
mRNA_7692	3.2.1.4:1	GH12(323-471)	GH12_e17(332-472)	GH12	3	GH12_e17	cellulose
mRNA_7716	-	-	-	GH51_2+GH51_2	1	-	-
mRNA_772	-	GH16_22(8-101)	GH16_e291(5-103)	GH16	3	GH16_22	-
mRNA_7725	-	-	-	AA1	1	-	-
mRNA_7728	-	-	-	GH20	1	-	-
mRNA_7735	-	-	-	GT0	1	-	-
mRNA_7737	-	-	-	GH3	1	-	-
mRNA_7738	3.2.1.21:2	GH3(68-280)	GH3_e116(71-281)	GH3	3	GH3_e116	beta-glucan
mRNA_7762	-	-	-	GH3	1	-	-
mRNA_7768	-	-	-	GH28+GH28	1	-	-
mRNA_7771	-	-	-	GH2_19+GH2_19	1	-	-
mRNA_7775	-	-	-	GT0	1	-	-
mRNA_7789	-	-	-	GH13+GT5	1	-	-
mRNA_7791	-	-	-	GH92	1	-	-
mRNA_7801	-	-	-	GH64	1	-	-
mRNA_782	-	-	-	GH16_18+GH16_18+CBM50	1	-	-
mRNA_7823	-	-	-	GT8	1	-	-
mRNA_7824	-	GT8(8-290)	GT8_e176(11-289)	GT8	3	GT8_e176	-
mRNA_7825	-	-	-	GT2	1	-	-
mRNA_7832	-	-	-	GH79	1	-	-
mRNA_7839	-	-	-	GH16_4+GH16_4	1	-	-
mRNA_7844	-	-	-	GH0	1	-	-
mRNA_7857	-	-	-	CE8	1	-	-
mRNA_7863	-	-	-	GH0	1	-	-
mRNA_7865	-	GT62(99-362)	GT62_e2(101-363)	GT62	3	GT62_e2	-
mRNA_7872	-	-	-	GH184	1	-	-
mRNA_7878	-	-	-	GH76	1	-	-
mRNA_7882	-	PL1_9(55-242)	PL1_e27(62-242)	PL1	3	PL1_9	-
mRNA_7896	-	-	-	CBM50+CBM50+CBM50	1	-	-
mRNA_7899	-	GH18(5-294)	GH18_e318(1-294)	GH18	3	GH18_e318	-
mRNA_7900	-	-	-	GH18+CBM18	1	-	-
mRNA_7901	-	-	-	GH18+CBM18	1	-	-
mRNA_7904	-	-	-	GT3	1	-	-
mRNA_7905	-	-	-	GH78	1	-	-
mRNA_7906	-	-	-	GT48	1	-	-
mRNA_7918	-	-	-	GT1	1	-	-
mRNA_7923	-	-	-	GH1	1	-	-
mRNA_7933	-	-	-	AA1_3+AA1_3	1	-	-
mRNA_7939	-	-	-	GH75	1	-	-
mRNA_7952	1.1.3.-:1	AA7(54-508)	AA7_e0(65-232)	-	2	AA7_e0	xylan
mRNA_7957	-	AA2(115-344)	AA2_e12(106-345)	AA2	3	AA2_e12	lignin
mRNA_7976	3.2.1.39:7	GH16_4(177-503)	GH16_e102(178-504)	GH16_4+GH16_4	3	GH16_4	beta-glucan
mRNA_7977	-	GH128(6-179)	GH128_e8(2-186)	GH128	3	GH128_e8	beta-glucan
mRNA_7978	-	GT2(698-932)	-	GT0	2	GT2	-
mRNA_7979	3.2.1.21:4;3.2.1.-:5	GH3(103-322)	GH3_e147(103-323)	GH3	3	GH3_e147	beta-glucan;xyloglucan
mRNA_7980	4.2.2.10:25	PL1_4(108-291)	PL1_e16(109-292)	PL1_4+PL1_4	3	PL1_4	pectin
mRNA_7987	-	-	-	AA3_1+AA3_1	1	-	-
mRNA_7993	-	-	-	AA1_3+AA1_3	1	-	-
mRNA_7994	-	-	-	CE0	1	-	-
mRNA_7995	-	-	-	AA1	1	-	-
mRNA_7996	-	-	-	AA5_2+AA5_2+CBM32	1	-	-
mRNA_7999	-	CE4(44-150)	CE4_e119(40-132)	-	2	CE4_e119	-
mRNA_80	-	-	-	GT39	1	-	-
mRNA_8000	-	-	-	GH18	1	-	-
mRNA_8002	-	-	-	GH45_1+GH45_1	1	-	-
mRNA_8004	-	-	-	CE0	1	-	-
mRNA_8014	-	-	-	GT0	1	-	-
mRNA_8018	-	-	-	CE5	1	-	-
mRNA_8024	-	-	-	GT90	1	-	-
mRNA_8025	-	-	-	GT8	1	-	-
mRNA_8030	-	-	-	AA1_3	1	-	-
mRNA_8037	-	-	-	GH43_14+CBM91+GH43_14	1	-	-
mRNA_8041	-	-	-	GT57	1	-	-
mRNA_8043	-	-	-	PL4_5+PL4_5	1	-	-
mRNA_8046	2.4.1.25:2;3.2.1.33:2|2.4.1.25:22;3.2.1.33:21	GH13_25(183-329)+GH13_25(514-732)+GH133(1097-1552)	GH13_e153(182-320)+GH133_e0(1099-1553)	GH13_25+GH133+GH13_25	3	GH13_25|GH13_25|GH133_e0	alpha-glucan
mRNA_8065	-	-	-	AA1_3+AA1_3	1	-	-
mRNA_8075	-	-	-	GT22	1	-	-
mRNA_8078	-	-	-	GT3	1	-	-
mRNA_8083	-	-	-	AA9	1	-	-
mRNA_81	-	GH132(155-462)	GH132_e2(164-465)	GH132	3	GH132_e2	beta-glucan
mRNA_8108	-	-	-	GH85	1	-	-
mRNA_8113	-	-	-	GT98	1	-	-
mRNA_8121	-	-	-	GH0	1	-	-
mRNA_8140	-	-	-	GH78	1	-	-
mRNA_8150	-	-	-	GH43_30	1	-	-
mRNA_8166	-	-	-	GT4	1	-	-
mRNA_8171	-	-	-	GH28	1	-	-
mRNA_8184	-	-	-	GT1	1	-	-
mRNA_8207	-	-	-	GH79	1	-	-
mRNA_8210	-	-	-	PL4_3	1	-	-
mRNA_8219	-	-	-	GH76	1	-	-
mRNA_822	-	-	-	CE5	1	-	-
mRNA_8220	-	GH76(30-393)	GH76_e17(29-396)	GH76	3	GH76_e17	-
mRNA_8221	-	-	-	CBM18	1	-	-
mRNA_8224	-	-	-	GH47	1	-	-
mRNA_8227	-	-	-	GH3	1	-	-
mRNA_8229	-	-	-	AA3_2+AA3_2	1	-	-
mRNA_8230	-	-	-	GT4	1	-	-
mRNA_8235	-	-	-	GT31	1	-	-
mRNA_8244	-	-	-	GH5_5+GH5_5	1	-	-
mRNA_8245	-	GT2(255-542)	GT2(256-543)	GT2	3	GT2	-
mRNA_8246	-	-	-	GT2	1	-	-
mRNA_8248	-	-	-	GT2	1	-	-
mRNA_8249	-	-	-	GT2	1	-	-
mRNA_825	-	-	-	GH6	1	-	-
mRNA_8256	-	-	-	GT35	1	-	-
mRNA_8269	-	-	-	GH47	1	-	-
mRNA_828	-	-	-	GT2	1	-	-
mRNA_8287	-	-	-	CBM50+CBM18	1	-	-
mRNA_8289	-	-	-	GH3	1	-	-
mRNA_8300	-	-	-	GH16_19+GH16_19+CBM18	1	-	-
mRNA_8301	2.4.1.-:29	GT24(1211-1458)	GT24_e1(1212-1459)	GT24	3	GT24_e1	-
mRNA_8302	-	-	-	GT24	1	-	-
mRNA_8314	-	-	-	PL9_3+PL9_3	1	-	-
mRNA_832	-	-	-	GH79	1	-	-
mRNA_8324	3.2.1.113:7	GH47(224-1040)	GH47_e5(224-1041)	GH47	3	GH47_e5	host glycan
mRNA_8326	3.2.1.21:3;3.2.1.45:1;3.2.1.104:1	GH5_12(14-547)	GH5_e145(17-548)	GH5_12+GH5_12	3	GH5_12	glycolipid;polyphenol
mRNA_8348	-	-	-	GH5_12+GH5_12	1	-	-
mRNA_8364	-	-	-	GH55_2+GH55_2	1	-	-
mRNA_8366	-	-	-	AA9	1	-	-
mRNA_8370	-	-	-	GH28	1	-	-
mRNA_8374	-	-	-	AA2	1	-	-
mRNA_8378	-	-	-	GH18	1	-	-
mRNA_8386	3.2.1.21:43;3.2.1.-:1	GH3(483-603)	GH3_e16(471-619)	GH3	3	GH3_e16	beta-glucan;xyloglucan
mRNA_8388	-	-	-	AA3_2	1	-	-
mRNA_8390	-	-	-	GT2	1	-	-
mRNA_8391	-	-	-	GH154	1	-	-
mRNA_8392	-	-	-	GH72+CBM43	1	-	-
mRNA_8403	-	-	-	GH47	1	-	-
mRNA_8404	3.2.1.145:1|3.2.1.145:1	GH43_24(44-277)	GH43_e150(46-277)+CBM35_e44(322-438)	GH43_24+GH43_24+CBM35	3	GH43_24|CBM35_e44	arabinogalactan;xylan
mRNA_8411	-	-	-	GT57	1	-	-
mRNA_8419	-	-	-	GH5_12+GH5_12	1	-	-
mRNA_8422	-	-	-	GH47	1	-	-
mRNA_8425	-	-	-	GH47	1	-	-
mRNA_8426	-	-	-	GH2_13+GH2_13	1	-	-
mRNA_8437	-	-	-	GT20	1	-	-
mRNA_8441	-	-	-	GH17+GT48	1	-	-
mRNA_8467	-	-	-	CE0	1	-	-
mRNA_8472	-	-	-	GT2	1	-	-
mRNA_8474	-	-	-	GH31_1+GH31_1	1	-	-
mRNA_8490	-	-	-	GT0	1	-	-
mRNA_8497	-	-	-	GH71	1	-	-
mRNA_8507	-	-	-	AA9	1	-	-
mRNA_851	-	-	-	GT32	1	-	-
mRNA_8524	-	-	-	GH128	1	-	-
mRNA_8531	1.14.99.55:5|1.14.99.55:4	AA13(17-248)+CBM20(289-379)	AA13_e0(18-249)+CBM20_e25(290-379)	CBM20+AA13	3	AA13_e0|CBM20_e25	alpha-glucan
mRNA_8545	-	-	-	GH47	1	-	-
mRNA_8548	3.2.1.78:33	GH5_7(58-333)	GH5_e89(59-334)	GH5_7+GH5_7	3	GH5_7	beta-mannan
mRNA_8552	-	-	-	PL38	1	-	-
mRNA_8553	-	-	-	GT58	1	-	-
mRNA_8563	3.2.1.26:2	GH32(62-410)	GH32_e120(63-412)	GH32	3	GH32_e120	fructan
mRNA_8574	-	-	-	GH154	1	-	-
mRNA_8575	-	-	-	CE16+CBM1	1	-	-
mRNA_8585	-	-	-	GH15+CBM20	1	-	-
mRNA_8589	-	-	-	GT0	1	-	-
mRNA_8592	-	-	-	GH13_40+GH13_40	1	-	-
mRNA_8593	-	-	-	GH36	1	-	-
mRNA_8603	-	-	-	AA8	1	-	-
mRNA_8611	-	-	-	CBM13	1	-	-
mRNA_8614	-	-	-	GH55_2+GH55_2	1	-	-
mRNA_8625	-	-	-	GT0	1	-	-
mRNA_8628	-	-	-	GH5	1	-	-
mRNA_8634	-	-	-	GT0	1	-	-
mRNA_8635	-	-	-	AA3_2+AA3_2	1	-	-
mRNA_865	-	-	-	GH3	1	-	-
mRNA_870	-	GT90(338-611)	GT90_e20(339-612)	GT90	3	GT90_e20	-
mRNA_874	-	-	-	CBM18+CBM18+CBM18+CE4	1	-	-
mRNA_878	-	-	-	GT3	1	-	-
mRNA_879	-	-	-	GH12	1	-	-
mRNA_882	-	-	-	GH105	1	-	-
mRNA_887	-	-	-	CE9	1	-	-
mRNA_888	-	-	-	GH31_3+GH31_3	1	-	-
mRNA_895	-	-	-	GH10	1	-	-
mRNA_904	-	-	-	GH16_22+GH16_22	1	-	-
mRNA_925	-	-	-	GH125	1	-	-
mRNA_927	-	-	-	GH29	1	-	-
mRNA_928	-	GH29(334-701)	GH29_e66(334-702)	GH29	3	GH29_e66	host glycan
mRNA_929	-	-	-	GH0	1	-	-
mRNA_937	-	-	-	GT0	1	-	-
mRNA_943	-	-	-	CBM14	1	-	-
mRNA_950	-	-	-	GH16	1	-	-
mRNA_952	-	-	-	GT20	1	-	-
mRNA_954	-	-	-	GH72	1	-	-
mRNA_955	-	-	-	GH18	1	-	-
mRNA_956	-	-	-	GH13_22+GH13_22+GT5	1	-	-
mRNA_963	-	-	-	GH13_22+GH13_22+GT5	1	-	-
mRNA_965	-	-	-	GH15+CBM20	1	-	-
mRNA_968	-	-	-	GH43_26+GH43_26	1	-	-
mRNA_969	-	-	-	PL7_4+PL7_4	1	-	-
mRNA_973	-|-	GT2(222-390)	GT2(223-390)+GT2(419-682)	GT2	3	GT2|GT2	-
mRNA_975	-	-	-	GT2	1	-	-
mRNA_977	-	-	-	GH3	1	-	-
mRNA_984	-	-	-	AA3_2+AA3_2	1	-	-
mRNA_988	-	-	-	GT57	1	-	-
mRNA_989	2.4.1.265:13;2.4.1.-:9	GT57(17-495)	GT57_e1(18-496)	GT57	3	GT57_e1	-
mRNA_998	-	-	-	GH79	1	-	-
mRNA_999	-	-	-	CE5	1	-	-
