ID	Description	GeneRatio	BgRatio	RichFactor	FoldEnrichment	zScore	pvalue	p.adjust	qvalue	geneID	Count	contrast	gene_set	direction	significant_padj_0.05	pathway_class	pathway_type
Bile acid biosynthesis	Bile acid biosynthesis	8/82	45/1145	0.177777777777778	2.48238482384824	2.81659355146532	0.0119012449494327	0.453935950301094	0.444644863599025	gene_412/gene_972/gene_2632/gene_4055/gene_4108/gene_4567/gene_6533/gene_7764	8	interaction_vs_onu	strong	up	FALSE	Lipid Metabolism	METABOLIC
1,4-Dichlorobenzene degradation	1,4-Dichlorobenzene degradation	4/82	14/1145	0.285714285714286	3.98954703832753	3.12457830258193	0.0140695203018055	0.453935950301094	0.444644863599025	gene_1501/gene_2632/gene_6265/gene_7764	4	interaction_vs_onu	strong	up	FALSE	Biodegradation of Xenobiotics	METABOLIC
Tryptophan metabolism	Tryptophan metabolism	11/82	78/1145	0.141025641025641	1.9691994996873	2.46167989707197	0.0189139979292122	0.453935950301094	0.444644863599025	gene_2632/gene_2762/gene_4055/gene_4491/gene_4567/gene_5827/gene_6203/gene_7678/gene_7764/gene_7852/gene_8370	11	interaction_vs_onu	strong	up	FALSE	Amino Acid Metabolism	METABOLIC
Fatty acid metabolism	Fatty acid metabolism	7/82	45/1145	0.155555555555556	2.17208672086721	2.22701409690814	0.0365108712736931	0.546137967632399	0.534959705136999	gene_929/gene_4055/gene_4491/gene_4567/gene_5183/gene_6203/gene_7852	7	interaction_vs_onu	strong	up	FALSE	Lipid Metabolism	METABOLIC
Alkaloid biosynthesis I	Alkaloid biosynthesis I	3/82	12/1145	0.25	3.49085365853659	2.40811480134394	0.0486333430988892	0.546137967632399	0.534959705136999	gene_2632/gene_2762/gene_7764	3	interaction_vs_onu	strong	up	FALSE	Biosynthesis of Secondary Metabolites	METABOLIC
beta-Alanine metabolism	beta-Alanine metabolism	4/82	21/1145	0.19047619047619	2.65969802555168	2.13112476187833	0.0573248183181359	0.546137967632399	0.534959705136999	gene_4055/gene_4567/gene_6203/gene_6968	4	interaction_vs_onu	strong	up	FALSE	Metabolism of Other Amino Acids	METABOLIC
Galactose metabolism	Galactose metabolism	6/82	41/1145	0.146341463414634	2.04342653182629	1.88895918173667	0.066608552486959	0.546137967632399	0.534959705136999	gene_972/gene_3385/gene_4108/gene_6679/gene_7634/gene_7824	6	interaction_vs_onu	strong	up	FALSE	Carbohydrate Metabolism	METABOLIC
gamma-Hexachlorocyclohexane degradation	gamma-Hexachlorocyclohexane degradation	6/82	41/1145	0.146341463414634	2.04342653182629	1.88895918173667	0.066608552486959	0.546137967632399	0.534959705136999	gene_2632/gene_4142/gene_4491/gene_7730/gene_7764/gene_7852	6	interaction_vs_onu	strong	up	FALSE	Biodegradation of Xenobiotics	METABOLIC
Phospholipid degradation	Phospholipid degradation	3/82	14/1145	0.214285714285714	2.99216027874564	2.08214177680795	0.0725736968716712	0.546137967632399	0.534959705136999	gene_1502/gene_2016/gene_2709	3	interaction_vs_onu	strong	up	FALSE	Metabolism of Complex Lipids	METABOLIC
Phenylalanine metabolism	Phenylalanine metabolism	5/82	33/1145	0.151515151515152	2.11566888396157	1.80548216716408	0.080824542794317	0.546137967632399	0.534959705136999	gene_2632/gene_2762/gene_5827/gene_7764/gene_8370	5	interaction_vs_onu	strong	up	FALSE	Amino Acid Metabolism	METABOLIC
Glycerolipid metabolism	Glycerolipid metabolism	13/82	124/1145	0.104838709677419	1.4639063729347	1.51873365296078	0.0950117880832766	0.546137967632399	0.534959705136999	gene_972/gene_1502/gene_2709/gene_3431/gene_4055/gene_4108/gene_4151/gene_4567/gene_5328/gene_5386/gene_6336/gene_7438/gene_7634	13	interaction_vs_onu	strong	up	FALSE	Metabolism of Complex Lipids	METABOLIC
Styrene degradation	Styrene degradation	4/82	25/1145	0.16	2.23414634146341	1.73213189711537	0.0976007743840033	0.546137967632399	0.534959705136999	gene_2632/gene_5827/gene_7764/gene_8370	4	interaction_vs_onu	strong	up	FALSE	Biodegradation of Xenobiotics	METABOLIC
Butanoate metabolism	Butanoate metabolism	7/82	56/1145	0.125	1.74542682926829	1.58795576217247	0.0986082441558498	0.546137967632399	0.534959705136999	gene_972/gene_4055/gene_4108/gene_4567/gene_6203/gene_6968/gene_6973	7	interaction_vs_onu	strong	up	FALSE	Carbohydrate Metabolism	METABOLIC
Lysine degradation	Lysine degradation	7/82	60/1145	0.116666666666667	1.62906504065041	1.38966337865889	0.130467192410344	0.569757072668968	0.558095378199136	gene_972/gene_1490/gene_4055/gene_4108/gene_4567/gene_6203/gene_7678	7	interaction_vs_onu	strong	up	FALSE	Amino Acid Metabolism	METABOLIC
1,2-Dichloroethane degradation	1,2-Dichloroethane degradation	2/82	9/1145	0.222222222222222	3.1029810298103	1.75841245115853	0.131401527489856	0.569757072668968	0.558095378199136	gene_4055/gene_4567	2	interaction_vs_onu	strong	up	FALSE	Biodegradation of Xenobiotics	METABOLIC
Glutathione metabolism	Glutathione metabolism	3/82	18/1145	0.166666666666667	2.32723577235772	1.57570777949824	0.1326517177165	0.569757072668968	0.558095378199136	gene_327/gene_1726/gene_6089	3	interaction_vs_onu	strong	up	FALSE	Metabolism of Other Amino Acids	METABOLIC
Pentose phosphate pathway	Pentose phosphate pathway	4/82	28/1145	0.142857142857143	1.99477351916376	1.47955103839635	0.134525975491284	0.569757072668968	0.558095378199136	gene_1735/gene_3385/gene_5156/gene_7307	4	interaction_vs_onu	strong	up	FALSE	Carbohydrate Metabolism	METABOLIC
Histidine metabolism	Histidine metabolism	5/82	40/1145	0.125	1.74542682926829	1.33231581324091	0.152108670811657	0.603155777418729	0.590810483728872	gene_2632/gene_2762/gene_4055/gene_4567/gene_7764	5	interaction_vs_onu	strong	up	FALSE	Amino Acid Metabolism	METABOLIC
Caprolactam degradation	Caprolactam degradation	3/82	20/1145	0.15	2.09451219512195	1.37092168991142	0.167543271505203	0.603155777418729	0.590810483728872	gene_3274/gene_4620/gene_5649	3	interaction_vs_onu	strong	up	FALSE	Biodegradation of Xenobiotics	METABOLIC
Nucleotide sugars metabolism	Nucleotide sugars metabolism	3/82	20/1145	0.15	2.09451219512195	1.37092168991142	0.167543271505203	0.603155777418729	0.590810483728872	gene_972/gene_3640/gene_4108	3	interaction_vs_onu	strong	up	FALSE	Nucleotide Metabolism	METABOLIC
Fructose and mannose metabolism	Fructose and mannose metabolism	7/82	66/1145	0.106060606060606	1.4809682187731	1.11745728662887	0.186729228097505	0.640214496334302	0.627110690853776	gene_972/gene_3385/gene_3431/gene_4108/gene_5485/gene_7307/gene_7634	7	interaction_vs_onu	strong	up	FALSE	Carbohydrate Metabolism	METABOLIC
Sterol biosynthesis	Sterol biosynthesis	3/82	22/1145	0.136363636363636	1.90410199556541	1.18875456107838	0.204789394698163	0.648608183581671	0.63533257748497	gene_2632/gene_6533/gene_7764	3	interaction_vs_onu	strong	up	FALSE	Lipid Metabolism	METABOLIC
Tetrachloroethene degradation	Tetrachloroethene degradation	2/82	12/1145	0.166666666666667	2.32723577235772	1.28314889047539	0.210138874690759	0.648608183581671	0.63533257748497	gene_972/gene_4108	2	interaction_vs_onu	strong	up	FALSE	Biodegradation of Xenobiotics	METABOLIC
Alanine and aspartate metabolism	Alanine and aspartate metabolism	3/82	23/1145	0.130434782608696	1.82131495227996	1.10466482435096	0.224092721443302	0.648608183581671	0.63533257748497	gene_2207/gene_4150/gene_6968	3	interaction_vs_onu	strong	up	FALSE	Amino Acid Metabolism	METABOLIC
Cyanoamino acid metabolism	Cyanoamino acid metabolism	4/82	36/1145	0.111111111111111	1.55149051490515	0.933419417061722	0.253889080036682	0.648608183581671	0.63533257748497	gene_3594/gene_5827/gene_7160/gene_8370	4	interaction_vs_onu	strong	up	FALSE	Metabolism of Other Amino Acids	METABOLIC
Flavonoids, stilbene and lignin biosynthesis	Flavonoids, stilbene and lignin biosynthesis	4/82	36/1145	0.111111111111111	1.55149051490515	0.933419417061722	0.253889080036682	0.648608183581671	0.63533257748497	gene_2632/gene_3594/gene_7160/gene_7764	4	interaction_vs_onu	strong	up	FALSE	Biosynthesis of Secondary Metabolites	METABOLIC
Propanoate metabolism	Propanoate metabolism	3/82	25/1145	0.12	1.67560975609756	0.948222402175806	0.263674747591071	0.648608183581671	0.63533257748497	gene_4055/gene_4567/gene_6203	3	interaction_vs_onu	strong	up	FALSE	Carbohydrate Metabolism	METABOLIC
Methane metabolism	Methane metabolism	2/82	14/1145	0.142857142857143	1.99477351916376	1.03970525103397	0.264906177345105	0.648608183581671	0.63533257748497	gene_2632/gene_7764	2	interaction_vs_onu	strong	up	FALSE	Energy Metabolism	METABOLIC
Pyruvate metabolism	Pyruvate metabolism	5/82	49/1145	0.102040816326531	1.42483822797412	0.843858555375719	0.270228804247779	0.648608183581671	0.63533257748497	gene_4055/gene_4567/gene_5701/gene_6270/gene_7634	5	interaction_vs_onu	strong	up	FALSE	Carbohydrate Metabolism	METABOLIC
Ascorbate and aldarate metabolism	Ascorbate and aldarate metabolism	4/82	37/1145	0.108108108108108	1.50955833882663	0.874738418450309	0.270253409825696	0.648608183581671	0.63533257748497	gene_972/gene_4055/gene_4108/gene_4567	4	interaction_vs_onu	strong	up	FALSE	Carbohydrate Metabolism	METABOLIC
Sphingoglycolipid metabolism	Sphingoglycolipid metabolism	4/82	42/1145	0.0952380952380952	1.32984901277584	0.604651846864092	0.354190355929431	0.812027100031968	0.795406662312015	gene_3431/gene_6354/gene_6533/gene_6567	4	interaction_vs_onu	strong	up	FALSE	Metabolism of Complex Lipids	METABOLIC
Arginine and proline metabolism	Arginine and proline metabolism	6/82	69/1145	0.0869565217391304	1.21420996818664	0.509578847891218	0.372504841525923	0.812027100031968	0.795406662312015	gene_2272/gene_2656/gene_4055/gene_4567/gene_5827/gene_8370	6	interaction_vs_onu	strong	up	FALSE	Amino Acid Metabolism	METABOLIC
Pentose and glucuronate interconversions	Pentose and glucuronate interconversions	3/82	31/1145	0.0967741935483871	1.35129819040126	0.550512862239513	0.385342000779554	0.812027100031968	0.795406662312015	gene_5156/gene_6973/gene_7634	3	interaction_vs_onu	strong	up	FALSE	Carbohydrate Metabolism	METABOLIC
Androgen and estrogen metabolism	Androgen and estrogen metabolism	2/82	20/1145	0.1	1.39634146341463	0.496434038129482	0.42586777116239	0.812027100031968	0.795406662312015	gene_2632/gene_7764	2	interaction_vs_onu	strong	up	FALSE	Lipid Metabolism	METABOLIC
Valine, leucine and isoleucine biosynthesis	Valine, leucine and isoleucine biosynthesis	2/82	20/1145	0.1	1.39634146341463	0.496434038129482	0.42586777116239	0.812027100031968	0.795406662312015	gene_4832/gene_5405	2	interaction_vs_onu	strong	up	FALSE	Amino Acid Metabolism	METABOLIC
Valine, leucine and isoleucine degradation	Valine, leucine and isoleucine degradation	3/82	34/1145	0.0882352941176471	1.23206599713056	0.381370631940762	0.44503499073205	0.812027100031968	0.795406662312015	gene_4055/gene_4567/gene_6203	3	interaction_vs_onu	strong	up	FALSE	Amino Acid Metabolism	METABOLIC
2,4-Dichlorobenzoate degradation	2,4-Dichlorobenzoate degradation	1/82	8/1145	0.125	1.74542682926829	0.587385318205115	0.449193272033445	0.812027100031968	0.795406662312015	gene_6973	1	interaction_vs_onu	strong	up	FALSE	Biodegradation of Xenobiotics	METABOLIC
Fatty acid biosynthesis (path 1)	Fatty acid biosynthesis (path 1)	2/82	21/1145	0.0952380952380952	1.32984901277584	0.423540540499261	0.451126166684426	0.812027100031968	0.795406662312015	gene_1406/gene_1892	2	interaction_vs_onu	strong	up	FALSE	Lipid Metabolism	METABOLIC
Inositol phosphate metabolism	Inositol phosphate metabolism	2/82	21/1145	0.0952380952380952	1.32984901277584	0.423540540499261	0.451126166684426	0.812027100031968	0.795406662312015	gene_4145/gene_4725	2	interaction_vs_onu	strong	up	FALSE	Metabolism of Complex Lipids	METABOLIC
Riboflavin metabolism	Riboflavin metabolism	2/82	21/1145	0.0952380952380952	1.32984901277584	0.423540540499261	0.451126166684426	0.812027100031968	0.795406662312015	gene_4142/gene_6337	2	interaction_vs_onu	strong	up	FALSE	Metabolism of Cofactors and Vitamins	METABOLIC
N-Glycan degradation	N-Glycan degradation	1/82	9/1145	0.111111111111111	1.55149051490515	0.461130069343764	0.488917240101393	0.817736958422619	0.800999652256074	gene_928	1	interaction_vs_onu	strong	up	FALSE	Metabolism of Complex Carbohydrates	METABOLIC
Benzoate degradation via CoA ligation	Benzoate degradation via CoA ligation	5/82	64/1145	0.078125	1.09089176829268	0.207756681098595	0.490589711421212	0.817736958422619	0.800999652256074	gene_972/gene_4108/gene_5827/gene_6203/gene_8370	5	interaction_vs_onu	strong	up	FALSE	Biodegradation of Xenobiotics	METABOLIC
Carbon fixation	Carbon fixation	2/82	23/1145	0.0869565217391304	1.21420996818664	0.28811141964996	0.499728141258267	0.817736958422619	0.800999652256074	gene_5156/gene_7307	2	interaction_vs_onu	strong	up	FALSE	Energy Metabolism	METABOLIC
Vitamin B6 metabolism	Vitamin B6 metabolism	2/82	23/1145	0.0869565217391304	1.21420996818664	0.28811141964996	0.499728141258267	0.817736958422619	0.800999652256074	gene_972/gene_4108	2	interaction_vs_onu	strong	up	FALSE	Metabolism of Cofactors and Vitamins	METABOLIC
Glycine, serine and threonine metabolism	Glycine, serine and threonine metabolism	4/82	53/1145	0.0754716981132075	1.05384261389784	0.111431007501035	0.535345496090863	0.856552793745381	0.839021011417259	gene_972/gene_4108/gene_4912/gene_4913	4	interaction_vs_onu	strong	up	FALSE	Amino Acid Metabolism	METABOLIC
Fatty acid biosynthesis (path 2)	Fatty acid biosynthesis (path 2)	1/82	11/1145	0.0909090909090909	1.26940133037694	0.24925441378412	0.560067526473144	0.87179949537601	0.853955646055449	gene_6203	1	interaction_vs_onu	strong	up	FALSE	Lipid Metabolism	METABOLIC
Ubiquinone biosynthesis	Ubiquinone biosynthesis	2/82	27/1145	0.0740740740740741	1.03432700993677	0.0501129838188253	0.588423365203411	0.87179949537601	0.853955646055449	gene_2632/gene_7764	2	interaction_vs_onu	strong	up	FALSE	Metabolism of Cofactors and Vitamins	METABOLIC
Glycolysis / Gluconeogenesis	Glycolysis / Gluconeogenesis	4/82	57/1145	0.0701754385964912	0.979888746255884	-0.0432429617829721	0.595248318672855	0.87179949537601	0.853955646055449	gene_3385/gene_4055/gene_4567/gene_7307	4	interaction_vs_onu	strong	up	FALSE	Carbohydrate Metabolism	METABOLIC
Starch and sucrose metabolism	Starch and sucrose metabolism	5/82	73/1145	0.0684931506849315	0.956398262612763	-0.106886077187198	0.612817561822052	0.87179949537601	0.853955646055449	gene_2318/gene_3594/gene_3977/gene_7032/gene_7160	5	interaction_vs_onu	strong	up	FALSE	Metabolism of Complex Carbohydrates	METABOLIC
Citrate cycle (TCA cycle)	Citrate cycle (TCA cycle)	1/82	14/1145	0.0714285714285714	0.997386759581881	-0.00273127474001916	0.648840530578872	0.87179949537601	0.853955646055449	gene_7678	1	interaction_vs_onu	strong	up	FALSE	Carbohydrate Metabolism	METABOLIC
Glyoxylate and dicarboxylate metabolism	Glyoxylate and dicarboxylate metabolism	1/82	14/1145	0.0714285714285714	0.997386759581881	-0.00273127474001916	0.648840530578872	0.87179949537601	0.853955646055449	gene_3565	1	interaction_vs_onu	strong	up	FALSE	Carbohydrate Metabolism	METABOLIC
Toluene and xylene degradation	Toluene and xylene degradation	1/82	14/1145	0.0714285714285714	0.997386759581881	-0.00273127474001916	0.648840530578872	0.87179949537601	0.853955646055449	gene_7730	1	interaction_vs_onu	strong	up	FALSE	Biodegradation of Xenobiotics	METABOLIC
Biotin metabolism	Biotin metabolism	1/82	15/1145	0.0666666666666667	0.930894308943089	-0.0747951656268674	0.674300368326469	0.87179949537601	0.853955646055449	gene_1490	1	interaction_vs_onu	strong	up	FALSE	Metabolism of Cofactors and Vitamins	METABOLIC
Lysine biosynthesis	Lysine biosynthesis	1/82	15/1145	0.0666666666666667	0.930894308943089	-0.0747951656268674	0.674300368326469	0.87179949537601	0.853955646055449	gene_3501	1	interaction_vs_onu	strong	up	FALSE	Amino Acid Metabolism	METABOLIC
Nitrogen metabolism	Nitrogen metabolism	1/82	16/1145	0.0625	0.872713414634146	-0.142347211055857	0.69793520885499	0.87179949537601	0.853955646055449	gene_7930	1	interaction_vs_onu	strong	up	FALSE	Energy Metabolism	METABOLIC
Nicotinate and nicotinamide metabolism	Nicotinate and nicotinamide metabolism	2/82	33/1145	0.0606060606060606	0.846267553584627	-0.248784558310784	0.699030930493705	0.87179949537601	0.853955646055449	gene_6037/gene_8138	2	interaction_vs_onu	strong	up	FALSE	Metabolism of Cofactors and Vitamins	METABOLIC
Methionine metabolism	Methionine metabolism	1/82	18/1145	0.0555555555555556	0.775745257452574	-0.266237506387911	0.740238112558067	0.87179949537601	0.853955646055449	gene_1833	1	interaction_vs_onu	strong	up	FALSE	Amino Acid Metabolism	METABOLIC
Pantothenate and CoA biosynthesis	Pantothenate and CoA biosynthesis	2/82	37/1145	0.0540540540540541	0.754779169413316	-0.420960791285272	0.758419005084525	0.87179949537601	0.853955646055449	gene_5405/gene_6650	2	interaction_vs_onu	strong	up	FALSE	Metabolism of Cofactors and Vitamins	METABOLIC
Blood group glycolipid biosynthesis - lact series	Blood group glycolipid biosynthesis - lact series	1/82	19/1145	0.0526315789473684	0.734916559691913	-0.323477076708042	0.7591382676337	0.87179949537601	0.853955646055449	gene_3431	1	interaction_vs_onu	strong	up	FALSE	Metabolism of Complex Lipids	METABOLIC
Blood group glycolipid biosynthesis - neolact series	Blood group glycolipid biosynthesis - neolact series	1/82	19/1145	0.0526315789473684	0.734916559691913	-0.323477076708042	0.7591382676337	0.87179949537601	0.853955646055449	gene_3431	1	interaction_vs_onu	strong	up	FALSE	Metabolism of Complex Lipids	METABOLIC
Chondroitin / heparan sulfate biosynthesis	Chondroitin / heparan sulfate biosynthesis	1/82	19/1145	0.0526315789473684	0.734916559691913	-0.323477076708042	0.7591382676337	0.87179949537601	0.853955646055449	gene_3431	1	interaction_vs_onu	strong	up	FALSE	Metabolism of Complex Carbohydrates	METABOLIC
Keratan sulfate biosynthesis	Keratan sulfate biosynthesis	1/82	19/1145	0.0526315789473684	0.734916559691913	-0.323477076708042	0.7591382676337	0.87179949537601	0.853955646055449	gene_3431	1	interaction_vs_onu	strong	up	FALSE	Metabolism of Complex Carbohydrates	METABOLIC
O-Glycans biosynthesis	O-Glycans biosynthesis	1/82	20/1145	0.05	0.698170731707317	-0.378053613652452	0.776678820079559	0.87179949537601	0.853955646055449	gene_3431	1	interaction_vs_onu	strong	up	FALSE	Metabolism of Complex Carbohydrates	METABOLIC
Aminoacyl-tRNA biosynthesis	Aminoacyl-tRNA biosynthesis	2/82	39/1145	0.0512820512820513	0.716072545340838	-0.500858946055476	0.784185171958	0.87179949537601	0.853955646055449	gene_4150/gene_4832	2	interaction_vs_onu	strong	up	FALSE	TRANSLATION	REGULATORY
Peptidoglycan biosynthesis	Peptidoglycan biosynthesis	1/82	21/1145	0.0476190476190476	0.664924506387921	-0.430251570190271	0.792956452749315	0.87179949537601	0.853955646055449	gene_3431	1	interaction_vs_onu	strong	up	FALSE	Metabolism of Complex Carbohydrates	METABOLIC
Globoside metabolism	Globoside metabolism	1/82	22/1145	0.0454545454545455	0.63470066518847	-0.480312235285503	0.808061053171518	0.87179949537601	0.853955646055449	gene_3431	1	interaction_vs_onu	strong	up	FALSE	Metabolism of Complex Lipids	METABOLIC
Tyrosine metabolism	Tyrosine metabolism	3/82	59/1145	0.0508474576271186	0.710004133939645	-0.634974385352523	0.811257863752676	0.87179949537601	0.853955646055449	gene_2632/gene_2762/gene_7764	3	interaction_vs_onu	strong	up	FALSE	Amino Acid Metabolism	METABOLIC
Aminosugars metabolism	Aminosugars metabolism	2/82	45/1145	0.0444444444444444	0.62059620596206	-0.720883175877779	0.847687954481171	0.882858433395036	0.864788231541922	gene_1826/gene_2960	2	interaction_vs_onu	strong	up	FALSE	Metabolism of Complex Carbohydrates	METABOLIC
Glutamate metabolism	Glutamate metabolism	1/82	26/1145	0.0384615384615385	0.537054409005629	-0.662910486609637	0.858334588022952	0.882858433395036	0.864788231541922	gene_6968	1	interaction_vs_onu	strong	up	FALSE	Amino Acid Metabolism	METABOLIC
Nitorobenzene degradation	Nitorobenzene degradation	1/82	26/1145	0.0384615384615385	0.537054409005629	-0.662910486609637	0.858334588022952	0.882858433395036	0.864788231541922	gene_7730	1	interaction_vs_onu	strong	up	FALSE	Biodegradation of Xenobiotics	METABOLIC
N-Glycans biosynthesis	N-Glycans biosynthesis	1/82	35/1145	0.0285714285714286	0.398954703832753	-1.00261233094	0.928765367797939	0.94184657016129	0.92256900878372	gene_3431	1	interaction_vs_onu	strong	up	FALSE	Metabolism of Complex Carbohydrates	METABOLIC
Purine metabolism	Purine metabolism	1/82	96/1145	0.0104166666666667	0.145452235772358	-2.42849671777919	0.999424291648267	0.999424291648267	0.978968238895233	gene_7791	1	interaction_vs_onu	strong	up	FALSE	Nucleotide Metabolism	METABOLIC
