family	class	substrates	fusarium_significant_genes	fusarium_up	fusarium_down	fusarium_secreted	fusarium_secreted_up	fusarium_secreted_down	fusarium_mean_shrunk_lfc	fusarium_median_shrunk_lfc	fusarium_max_abs_shrunk_lfc	ophiostoma_significant_genes	ophiostoma_up	ophiostoma_down	ophiostoma_secreted	ophiostoma_secreted_up	ophiostoma_secreted_down	ophiostoma_mean_shrunk_lfc	ophiostoma_median_shrunk_lfc	ophiostoma_max_abs_shrunk_lfc	total_significant	total_secreted	total_secreted_up	total_secreted_down
GH18	GH	Chitin | Host glycan | Peptidoglycan | Unassigned	6	3	3	4	3	1	0.007604973620301332	-0.0216159758902495	0.320230801170239	9	4	5	5	2	3	0.23245162320004958	-0.20582697280654788	1.9398752019885048	15	9	5	4
GH76	GH	Mannan | Unassigned	3	1	2	3	1	2	-0.18565762694000465	-0.289500532042707	0.428623521845452	7	3	4	5	3	2	0.1424928971769323	-0.353510018025619	1.0970915721817347	10	8	4	4
GH3	GH	Beta-glucan | Xylan | Xyloglucan | Unassigned	4	4	0	2	2	0	0.6235140516929986	0.564436751090008	1.23829952629287	13	5	8	5	1	4	-0.42210123369545705	-0.403032610494632	2.4454952284473612	17	7	3	4
AA7	AA	Xylan | Unassigned	5	3	2	3	1	2	0.09521304903458422	0.264155634707167	0.827715220264799	4	4	0	3	3	0	1.1462145537262398	0.5727088141328385	3.2157897704041463	9	6	4	2
AA9	AA	Cellulose | Unassigned	2	1	1	2	1	1	-0.053731792015355904	-0.053731792015355904	0.203240215259496	4	1	3	4	1	3	-0.9370660379607575	-1.2184159805497388	2.2583542388014926	6	6	2	4
GH16_3	GH	Beta-glucan | Unassigned	2	1	1	2	1	1	-0.05689223701224999	-0.05689223701224999	0.492896121247134	3	0	3	3	0	3	-1.9140149260223047	-2.0634738452965737	3.030013968698883	5	5	1	4
GH31_1	GH	Alpha-glucan | Unassigned	3	1	2	3	1	2	-0.10114572392566734	-0.443024485319477	0.688347287032041	2	1	1	2	1	1	-1.0137134916454957	-1.0137134916454957	2.4398062573281485	5	5	2	3
GH128	GH	Beta-glucan | Unassigned	3	2	1	3	2	1	0.47802148673888434	0.177339125194543	1.60011818533337	2	1	1	1	1	0	-0.47940484695733676	-0.47940484695733676	1.4501301235395998	5	4	3	1
GH17	GH	Unassigned	1	1	0	1	1	0	0.743268420050361	0.743268420050361	0.743268420050361	3	3	0	3	3	0	0.8224733081603839	0.8352113396175074	1.4621896518548547	4	4	4	0
GH28	GH	Pectin | Unassigned	2	2	0	2	2	0	0.449879109127282	0.449879109127282	0.710441329335781	2	1	1	2	1	1	-1.7858117369437223	-1.7858117369437223	4.708929417372554	4	4	3	1
AA11	AA	Chitin | Unassigned	2	0	2	2	0	2	-0.4086187327277745	-0.4086187327277745	0.583992590216174	2	1	1	1	1	0	-0.8714502359758167	-0.8714502359758167	2.114673017370571	4	3	1	2
CE4	CE	Chitin | Unassigned	3	1	2	3	1	2	0.066232452793173	-0.12156814701901	0.715267807904972	1	0	1	0	0	0	-1.2419106894455127	-1.2419106894455127	1.2419106894455127	4	3	1	2
GH72	GH	Beta-glucan	0	0	0	0	0	0				4	3	1	3	3	0	0.4409308219315887	0.4835693740485998	1.1070846012939528	4	3	3	0
AA8	AA	Other | Unassigned	1	0	1	1	0	1	-0.342806781087684	-0.342806781087684	0.342806781087684	2	1	1	2	1	1	1.4629059442356112	1.4629059442356112	4.232763967177696	3	3	1	2
CBM20	CBM	Alpha-glucan | Unassigned	1	0	1	1	0	1	-0.276141242296582	-0.276141242296582	0.276141242296582	2	0	2	2	0	2	-2.2349855977880635	-2.2349855977880635	3.159018810999134	3	3	0	3
CE5	CE	Unassigned	2	1	1	2	1	1	-0.014995057856729	-0.014995057856729	0.224245086833674	1	1	0	1	1	0	0.9094067095797363	0.9094067095797363	0.9094067095797363	3	3	2	1
GH5_5	GH	Beta-glucan | Unassigned	1	0	1	1	0	1	-0.248167527211689	-0.248167527211689	0.248167527211689	2	1	1	2	1	1	0.09395920397807267	0.09395920397807267	0.788064440777723	3	3	1	2
GH16_18	GH	Unassigned	2	1	1	2	1	1	0.046111897564705004	0.046111897564705004	0.326486435587642	1	1	0	1	1	0	0.3599361669302427	0.3599361669302427	0.3599361669302427	3	3	2	1
GH20	GH	Host glycan | Unassigned	2	2	0	2	2	0	0.130201703034662	0.130201703034662	0.146804304942329	1	1	0	1	1	0	0.7601377341168872	0.7601377341168872	0.7601377341168872	3	3	3	0
GH132	GH	Beta-glucan | Unassigned	1	0	1	1	0	1	-0.200017900963305	-0.200017900963305	0.200017900963305	2	2	0	2	2	0	0.6083387422250162	0.6083387422250162	0.6683114369679084	3	3	2	1
CBM67	CBM	Other	0	0	0	0	0	0				5	0	5	2	0	2	-1.1657152445302312	-1.2787646334289196	1.9957259092384843	5	2	0	2
GH47	GH	Host glycan | Unassigned	3	1	2	1	0	1	-0.11233379964634767	-0.155798234273399	0.33738886383997	2	2	0	1	1	0	0.395121317007628	0.395121317007628	0.458090933080999	5	2	1	1
AA3_2	AA	Unassigned	2	0	2	1	0	1	-0.4234617352790125	-0.4234617352790125	0.495526701016758	2	2	0	1	1	0	1.0477337220296732	1.0477337220296732	1.3934402679169222	4	2	1	1
AA1_3	AA	Other | Unassigned	1	1	0	0	0	0	0.811624223945572	0.811624223945572	0.811624223945572	2	2	0	2	2	0	1.8914200869887483	1.8914200869887483	2.9012049536909137	3	2	2	0
CE1	CE	Unassigned	0	0	0	0	0	0				3	1	2	2	0	2	-1.1865452216000059	-1.4694119781879589	2.647618671513135	3	2	0	2
CE16	CE	Xylan | Unassigned	2	2	0	2	2	0	0.5041474278348655	0.5041474278348655	0.572204623919589	1	0	1	0	0	0	-1.9112965433214733	-1.9112965433214733	1.9112965433214733	3	2	2	0
GH15	GH	Alpha-glucan | Unassigned	1	0	1	1	0	1	-0.276141242296582	-0.276141242296582	0.276141242296582	2	1	1	1	0	1	0.291398043608759	0.291398043608759	1.8937484717945112	3	2	0	2
GH16_1	GH	Unassigned	0	0	0	0	0	0				3	1	2	2	0	2	-0.12975489613407123	-0.175607665074276	0.6346486509690344	3	2	0	2
GH35	GH	Other | Unassigned	0	0	0	0	0	0				3	0	3	2	0	2	-1.7480601569829692	-1.9957259092384843	2.969900180681878	3	2	0	2
GH37	GH	Trehalose | Unassigned	1	1	0	1	1	0	1.72884630879576	1.72884630879576	1.72884630879576	2	1	1	1	0	1	-0.1782323517627824	-0.1782323517627824	1.0222266770904793	3	2	1	1
AA1_2	AA	Other	0	0	0	0	0	0				2	1	1	2	1	1	0.07830179835412554	0.07830179835412554	0.6848440241465621	2	2	1	1
AA3_1	AA	Cellulose | Unassigned	1	0	1	1	0	1	-0.342806781087684	-0.342806781087684	0.342806781087684	1	0	1	1	0	1	-1.0909650702137232	-1.0909650702137232	1.0909650702137232	2	2	0	2
GH5_15	GH	Unassigned	2	1	1	2	1	1	0.004575756998802999	0.004575756998802999	0.179983559605514	0	0	0	0	0	0				2	2	1	1
GH43_24	GH	Xylan | Arabinogalactan | Unassigned	1	1	0	1	1	0	0.408345315612855	0.408345315612855	0.408345315612855	1	0	1	1	0	1	-1.0522324398561578	-1.0522324398561578	1.0522324398561578	2	2	1	1
GH51_2	GH	Arabinan | Unassigned	1	1	0	1	1	0	0.210961853258201	0.210961853258201	0.210961853258201	1	0	1	1	0	1	-4.516816432739538	-4.516816432739538	4.516816432739538	2	2	1	1
GH55_2	GH	Beta-glucan | Unassigned	1	0	1	1	0	1	-0.214011185005517	-0.214011185005517	0.214011185005517	1	0	1	1	0	1	-0.3069918917108022	-0.3069918917108022	0.3069918917108022	2	2	0	2
GH63	GH	Host glycan | Unassigned	1	0	1	1	0	1	-0.165757742151833	-0.165757742151833	0.165757742151833	1	1	0	1	1	0	0.565296123582347	0.565296123582347	0.565296123582347	2	2	1	1
GH131	GH	Unassigned	1	0	1	1	0	1	-0.302285706430445	-0.302285706430445	0.302285706430445	1	0	1	1	0	1	-0.4030200220422178	-0.4030200220422178	0.4030200220422178	2	2	0	2
GT2	GT	Unassigned	8	4	4	1	1	0	-0.016923558520212365	-0.020390653611466455	0.316641581607061	11	5	6	0	0	0	-0.4455254747048677	-0.31594125886566554	2.5714387206126452	19	1	1	0
GH78	GH	Pectin | Other | Unassigned	0	0	0	0	0	0				5	0	5	1	0	1	-1.207014942145857	-1.2787646334289196	1.9011935285730457	5	1	0	1
AA2	AA	Other	0	0	0	0	0	0				4	4	0	1	1	0	0.46562357972327123	0.5075149481376885	0.6885802635265899	4	1	1	0
GT22	GT	Unassigned	1	1	0	1	1	0	0.294505973669153	0.294505973669153	0.294505973669153	3	2	1	0	0	0	0.24749311863202053	0.47938794416253566	0.509469895419529	4	1	1	0
AA1	AA	Other | Unassigned	1	1	0	0	0	0	0.207445992963786	0.207445992963786	0.207445992963786	2	1	1	1	1	0	0.05350319368367551	0.05350319368367551	0.6187683046318408	3	1	1	0
GH1	GH	Unassigned	3	3	0	1	1	0	0.5402275010242009	0.424178401814395	0.952521120616203	0	0	0	0	0	0				3	1	1	0
CBM50	CBM	Chitin	0	0	0	0	0	0				2	1	1	1	0	1	-0.08470342229557717	-0.08470342229557717	0.6272120455681354	2	1	0	1
GH5_24	GH	Unassigned	1	1	0	1	1	0	0.174080891386706	0.174080891386706	0.174080891386706	1	1	0	0	0	0	1.2090433959147273	1.2090433959147273	1.2090433959147273	2	1	1	0
GH32	GH	Fructan | Unassigned	1	1	0	1	1	0	0.446190208695401	0.446190208695401	0.446190208695401	1	1	0	0	0	0	0.563681615797577	0.563681615797577	0.563681615797577	2	1	1	0
GH36	GH	Unassigned	2	2	0	1	1	0	0.5287675224220305	0.5287675224220305	0.740188604465362	0	0	0	0	0	0				2	1	1	0
GH125	GH	Mannan | Unassigned	1	0	1	0	0	0	-0.329022759516056	-0.329022759516056	0.329022759516056	1	0	1	1	0	1	-0.6535198973103808	-0.6535198973103808	0.6535198973103808	2	1	0	1
GT48	GT	Unassigned	1	1	0	1	1	0	0.743268420050361	0.743268420050361	0.743268420050361	1	1	0	0	0	0	0.43321893916358994	0.43321893916358994	0.43321893916358994	2	1	1	0
GT61	GT	Unassigned	0	0	0	0	0	0				2	0	2	1	0	1	-1.3466675821750742	-1.3466675821750742	1.9014420541828585	2	1	0	1
AA5	AA	Unassigned	1	0	1	1	0	1	-0.13837528440521	-0.13837528440521	0.13837528440521	0	0	0	0	0	0				1	1	0	1
AA13	AA	Unassigned	1	1	0	1	1	0	0.244982543051613	0.244982543051613	0.244982543051613	0	0	0	0	0	0				1	1	1	0
AA16	AA	Cellulose	0	0	0	0	0	0				1	1	0	1	1	0	1.8097262449724645	1.8097262449724645	1.8097262449724645	1	1	1	0
CBM18	CBM	Chitin	0	0	0	0	0	0				1	0	1	1	0	1	-0.6272120455681354	-0.6272120455681354	0.6272120455681354	1	1	0	1
CBM35	CBM	Xylan | Arabinogalactan	0	0	0	0	0	0				1	0	1	1	0	1	-1.0522324398561578	-1.0522324398561578	1.0522324398561578	1	1	0	1
CBM43	CBM	Beta-glucan	0	0	0	0	0	0				1	1	0	1	1	0	0.6830006439043477	0.6830006439043477	0.6830006439043477	1	1	1	0
CBM52	CBM	Unassigned	0	0	0	0	0	0				1	1	0	1	1	0	0.3178208529741655	0.3178208529741655	0.3178208529741655	1	1	1	0
CBM63	CBM	Unassigned	1	0	1	1	0	1	-0.384128442195117	-0.384128442195117	0.384128442195117	0	0	0	0	0	0				1	1	0	1
CE12	CE	Xylan	0	0	0	0	0	0				1	1	0	1	1	0	1.2685900220613466	1.2685900220613466	1.2685900220613466	1	1	1	0
GH2_1	GH	Other	0	0	0	0	0	0				1	0	1	1	0	1	-1.705173208242881	-1.705173208242881	1.705173208242881	1	1	0	1
GH2_16	GH	Unassigned	1	1	0	1	1	0	0.620234307493427	0.620234307493427	0.620234307493427	0	0	0	0	0	0				1	1	1	0
GH2_18	GH	Unassigned	1	1	0	1	1	0	0.609029036451382	0.609029036451382	0.609029036451382	0	0	0	0	0	0				1	1	1	0
GH5_7	GH	Mannan	0	0	0	0	0	0				1	0	1	1	0	1	-2.0577477603216536	-2.0577477603216536	2.0577477603216536	1	1	0	1
GH5_16	GH	Arabinogalactan	0	0	0	0	0	0				1	1	0	1	1	0	1.815003716057038	1.815003716057038	1.815003716057038	1	1	1	0
GH5_31	GH	Unassigned	1	1	0	1	1	0	0.679223750022245	0.679223750022245	0.679223750022245	0	0	0	0	0	0				1	1	1	0
GH7	GH	Unassigned	1	1	0	1	1	0	0.188611367533009	0.188611367533009	0.188611367533009	0	0	0	0	0	0				1	1	1	0
GH13_1	GH	Alpha-glucan	0	0	0	0	0	0				1	0	1	1	0	1	-3.159018810999134	-3.159018810999134	3.159018810999134	1	1	0	1
GH16_19	GH	Unassigned	1	1	0	1	1	0	0.182444805239838	0.182444805239838	0.182444805239838	0	0	0	0	0	0				1	1	1	0
GH16_22	GH	Unassigned	1	0	1	1	0	1	-0.135788147905973	-0.135788147905973	0.135788147905973	0	0	0	0	0	0				1	1	0	1
GH16_23	GH	Unassigned	0	0	0	0	0	0				1	0	1	1	0	1	-0.7908168644897152	-0.7908168644897152	0.7908168644897152	1	1	0	1
GH29	GH	Host glycan	0	0	0	0	0	0				1	1	0	1	1	0	1.1993710838164326	1.1993710838164326	1.1993710838164326	1	1	1	0
GH31	GH	Xyloglucan	0	0	0	0	0	0				1	0	1	1	0	1	-1.8964691898429968	-1.8964691898429968	1.8964691898429968	1	1	0	1
GH43_5	GH	Unassigned	1	0	1	1	0	1	-0.421473568103076	-0.421473568103076	0.421473568103076	0	0	0	0	0	0				1	1	0	1
GH43_21	GH	Unassigned	0	0	0	0	0	0				1	0	1	1	0	1	-2.1937347374613183	-2.1937347374613183	2.1937347374613183	1	1	0	1
GH43_33	GH	Unassigned	1	1	0	1	1	0	0.693613979780552	0.693613979780552	0.693613979780552	0	0	0	0	0	0				1	1	1	0
GH45	GH	Unassigned	1	0	1	1	0	1	-0.466994357453133	-0.466994357453133	0.466994357453133	0	0	0	0	0	0				1	1	0	1
GH92	GH	Host glycan	0	0	0	0	0	0				1	0	1	1	0	1	-0.34268504959929824	-0.34268504959929824	0.34268504959929824	1	1	0	1
GH115	GH	Xylan	0	0	0	0	0	0				1	0	1	1	0	1	-1.713771296839901	-1.713771296839901	1.713771296839901	1	1	0	1
GT24	GT	Unassigned	0	0	0	0	0	0				1	1	0	1	1	0	0.4453910523921812	0.4453910523921812	0.4453910523921812	1	1	1	0
PL1_4	PL	Unassigned	1	0	1	1	0	1	-0.368904922963576	-0.368904922963576	0.368904922963576	0	0	0	0	0	0				1	1	0	1
PL4_3	PL	Unassigned	1	1	0	1	1	0	0.132389895322281	0.132389895322281	0.132389895322281	0	0	0	0	0	0				1	1	1	0
GT1	GT	Unassigned	1	1	0	0	0	0	0.147014905197447	0.147014905197447	0.147014905197447	5	4	1	0	0	0	0.5943949304100214	0.6146612673241302	1.5534565810418348	6	0	0	0
GT8	GT	Unassigned	4	1	3	0	0	0	-0.1554217453956295	-0.17262233935612	0.446876474461801	2	2	0	0	0	0	1.0824500934444408	1.0824500934444408	1.478885216728786	6	0	0	0
GT32	GT	Unassigned	2	2	0	0	0	0	0.3584713083700935	0.3584713083700935	0.542550618377168	3	3	0	0	0	0	0.5116903206070144	0.4772600701576256	0.7599784605064664	5	0	0	0
GH13_40	GH	Alpha-glucan | Other | Unassigned	3	2	1	0	0	0	0.28273547559873197	0.462075376142192	0.505319222630692	1	1	0	0	0	0	0.5580144886637605	0.5580144886637605	0.5580144886637605	4	0	0	0
GT4	GT	Unassigned	2	0	2	0	0	0	-0.15036832989403148	-0.15036832989403148	0.192456146823253	2	1	1	0	0	0	0.544319043245075	0.544319043245075	2.178432283407163	4	0	0	0
GT20	GT	Unassigned	1	0	1	0	0	0	-0.375986831663743	-0.375986831663743	0.375986831663743	3	3	0	0	0	0	0.3137385689390429	0.30283206014204955	0.42500378056129856	4	0	0	0
GT69	GT	Unassigned	2	1	1	0	0	0	1.585661019501193	1.585661019501193	3.41628085244577	2	1	1	0	0	0	-0.020488245252289095	-0.020488245252289095	0.7952317588036151	4	0	0	0
AA4	AA	Other	0	0	0	0	0	0				3	1	2	0	0	0	-0.2743461626405312	-0.6166761144885458	0.9294072096210579	3	0	0	0
GH2_13	GH	Mannan | Unassigned	2	2	0	0	0	0	0.23796971823830848	0.23796971823830848	0.299493681706062	1	0	1	0	0	0	-0.9243043959746333	-0.9243043959746333	0.9243043959746333	3	0	0	0
GH5_12	GH	Other | Unassigned	2	1	1	0	0	0	0.015934329593611504	0.015934329593611504	0.236313280054992	1	1	0	0	0	0	0.6719309280750001	0.6719309280750001	0.6719309280750001	3	0	0	0
GH12	GH	Cellulose | Unassigned	2	0	2	0	0	0	-0.4206866593494095	-0.4206866593494095	0.524731737091758	1	1	0	0	0	0	0.5387968984648147	0.5387968984648147	0.5387968984648147	3	0	0	0
GH16_4	GH	Beta-glucan | Unassigned	1	0	1	0	0	0	-0.39073037803184	-0.39073037803184	0.39073037803184	2	0	2	0	0	0	-1.3468002345131458	-1.3468002345131458	2.1210915404081025	3	0	0	0
GH154	GH	Arabinogalactan | Unassigned	1	1	0	0	0	0	0.162247694299695	0.162247694299695	0.162247694299695	2	0	2	0	0	0	-1.4391449777163665	-1.4391449777163665	2.2150343181482466	3	0	0	0
GT39	GT	Unassigned	0	0	0	0	0	0				3	3	0	0	0	0	0.43896597954098987	0.2842793460659247	0.7536326029988788	3	0	0	0
GT62	GT	Unassigned	1	0	1	0	0	0	-0.166997120388116	-0.166997120388116	0.166997120388116	2	2	0	0	0	0	0.4599054341091676	0.4599054341091676	0.5089613713224369	3	0	0	0
GT90	GT	Unassigned	1	0	1	0	0	0	-0.126048933415096	-0.126048933415096	0.126048933415096	2	1	1	0	0	0	-0.0652397607552698	-0.0652397607552698	0.3081210095568217	3	0	0	0
AA3_3	AA	Other | Unassigned	1	1	0	0	0	0	1.11583991016828	1.11583991016828	1.11583991016828	1	0	1	0	0	0	-2.2705344694463716	-2.2705344694463716	2.2705344694463716	2	0	0	0
AA6	AA	Other | Unassigned	1	0	1	0	0	0	-0.498101561632695	-0.498101561632695	0.498101561632695	1	1	0	0	0	0	0.6342504528704711	0.6342504528704711	0.6342504528704711	2	0	0	0
CBM21	CBM	Alpha-glucan | Unassigned	1	1	0	0	0	0	0.153255365893572	0.153255365893572	0.153255365893572	1	1	0	0	0	0	0.5487435755592109	0.5487435755592109	0.5487435755592109	2	0	0	0
CBM91	CBM	Xylan | Arabinan | Unassigned	1	1	0	0	0	0	0.210429493890446	0.210429493890446	0.210429493890446	1	0	1	0	0	0	-1.6108601032413308	-1.6108601032413308	1.6108601032413308	2	0	0	0
GH2_10	GH	Other | Unassigned	1	1	0	0	0	0	0.218242222615868	0.218242222615868	0.218242222615868	1	0	1	0	0	0	-1.5162414982237127	-1.5162414982237127	1.5162414982237127	2	0	0	0
GH13_25	GH	Alpha-glucan | Unassigned	1	0	1	0	0	0	-0.11136294992083	-0.11136294992083	0.11136294992083	1	1	0	0	0	0	0.9673702218575976	0.9673702218575976	0.9673702218575976	2	0	0	0
GH38	GH	Host glycan | Unassigned	1	1	0	0	0	0	0.165572964582315	0.165572964582315	0.165572964582315	1	1	0	0	0	0	0.2481550364334919	0.2481550364334919	0.2481550364334919	2	0	0	0
GH81	GH	Beta-glucan	0	0	0	0	0	0				2	2	0	0	0	0	0.4172819982740352	0.4172819982740352	0.5321588355182257	2	0	0	0
GH133	GH	Alpha-glucan | Unassigned	1	0	1	0	0	0	-0.11136294992083	-0.11136294992083	0.11136294992083	1	1	0	0	0	0	0.9673702218575976	0.9673702218575976	0.9673702218575976	2	0	0	0
GH188	GH	Unassigned	2	2	0	0	0	0	0.30719798415690747	0.30719798415690747	0.344731179735198	0	0	0	0	0	0				2	0	0	0
GT3	GT	Unassigned	1	1	0	0	0	0	0.100570843579729	0.100570843579729	0.100570843579729	1	0	1	0	0	0	-0.42208293772949335	-0.42208293772949335	0.42208293772949335	2	0	0	0
GT17	GT	Unassigned	1	0	1	0	0	0	-0.327287963518684	-0.327287963518684	0.327287963518684	1	0	1	0	0	0	-0.18293469129287382	-0.18293469129287382	0.18293469129287382	2	0	0	0
GT34	GT	Unassigned	0	0	0	0	0	0				2	1	1	0	0	0	0.2335688526796711	0.2335688526796711	0.6487507933717238	2	0	0	0
GT58	GT	Unassigned	1	0	1	0	0	0	-0.17083871154702	-0.17083871154702	0.17083871154702	1	1	0	0	0	0	0.5868492497316407	0.5868492497316407	0.5868492497316407	2	0	0	0
GT64	GT	Unassigned	2	1	1	0	0	0	0.016763234747673494	0.016763234747673494	0.230537291408424	0	0	0	0	0	0				2	0	0	0
GT71	GT	Unassigned	1	1	0	0	0	0	0.305903559437684	0.305903559437684	0.305903559437684	1	1	0	0	0	0	1.581552086866022	1.581552086866022	1.581552086866022	2	0	0	0
AA3	AA	Unassigned	0	0	0	0	0	0				1	0	1	0	0	0	-0.32703474913682007	-0.32703474913682007	0.32703474913682007	1	0	0	0
CBM13	CBM	Unassigned	1	0	1	0	0	0	-0.400046946094932	-0.400046946094932	0.400046946094932	0	0	0	0	0	0				1	0	0	0
CBM24	CBM	Unassigned	1	0	1	0	0	0	-0.392514727041693	-0.392514727041693	0.392514727041693	0	0	0	0	0	0				1	0	0	0
CBM48	CBM	Alpha-glucan	0	0	0	0	0	0				1	1	0	0	0	0	0.7147121386699411	0.7147121386699411	0.7147121386699411	1	0	0	0
CE9	CE	Host glycan	0	0	0	0	0	0				1	1	0	0	0	0	0.4363320463661261	0.4363320463661261	0.4363320463661261	1	0	0	0
GH2_19	GH	Unassigned	1	1	0	0	0	0	0.127566754274849	0.127566754274849	0.127566754274849	0	0	0	0	0	0				1	0	0	0
GH5_9	GH	Beta-glucan	0	0	0	0	0	0				1	1	0	0	0	0	2.014279818648806	2.014279818648806	2.014279818648806	1	0	0	0
GH10	GH	Unassigned	1	0	1	0	0	0	-0.67974621917939	-0.67974621917939	0.67974621917939	0	0	0	0	0	0				1	0	0	0
GH11	GH	Xylan	0	0	0	0	0	0				1	0	1	0	0	0	-1.3715595889501577	-1.3715595889501577	1.3715595889501577	1	0	0	0
GH13	GH	Unassigned	0	0	0	0	0	0				1	1	0	0	0	0	0.5443862095314745	0.5443862095314745	0.5443862095314745	1	0	0	0
GH31_2	GH	Unassigned	0	0	0	0	0	0				1	0	1	0	0	0	-1.306997521429183	-1.306997521429183	1.306997521429183	1	0	0	0
GH31_4	GH	Unassigned	1	1	0	0	0	0	0.231684499734922	0.231684499734922	0.231684499734922	0	0	0	0	0	0				1	0	0	0
GH43_1	GH	Xylan	0	0	0	0	0	0				1	0	1	0	0	0	-1.2777177494544554	-1.2777177494544554	1.2777177494544554	1	0	0	0
GH43_11	GH	Xylan | Arabinan	0	0	0	0	0	0				1	0	1	0	0	0	-1.6108601032413308	-1.6108601032413308	1.6108601032413308	1	0	0	0
GH43_14	GH	Unassigned	1	1	0	0	0	0	0.210429493890446	0.210429493890446	0.210429493890446	0	0	0	0	0	0				1	0	0	0
GH64	GH	Beta-glucan	0	0	0	0	0	0				1	1	0	0	0	0	0.23783623640406304	0.23783623640406304	0.23783623640406304	1	0	0	0
GH71	GH	Unassigned	1	0	1	0	0	0	-0.392514727041693	-0.392514727041693	0.392514727041693	0	0	0	0	0	0				1	0	0	0
GH88	GH	Host glycan	0	0	0	0	0	0				1	0	1	0	0	0	-3.7670397538388998	-3.7670397538388998	3.7670397538388998	1	0	0	0
GH94	GH	Cellulose	0	0	0	0	0	0				1	0	1	0	0	0	-2.014823829706444	-2.014823829706444	2.014823829706444	1	0	0	0
GH95	GH	Unassigned	1	1	0	0	0	0	0.383659116128288	0.383659116128288	0.383659116128288	0	0	0	0	0	0				1	0	0	0
GH105	GH	Unassigned	0	0	0	0	0	0				1	0	1	0	0	0	-0.8909287958506126	-0.8909287958506126	0.8909287958506126	1	0	0	0
GH142	GH	Unassigned	1	0	1	0	0	0	-0.400046946094932	-0.400046946094932	0.400046946094932	0	0	0	0	0	0				1	0	0	0
GH162	GH	Unassigned	1	1	0	0	0	0	0.831786546458928	0.831786546458928	0.831786546458928	0	0	0	0	0	0				1	0	0	0
GT21	GT	Unassigned	0	0	0	0	0	0				1	1	0	0	0	0	1.0306142647783607	1.0306142647783607	1.0306142647783607	1	0	0	0
GT33	GT	Unassigned	0	0	0	0	0	0				1	1	0	0	0	0	0.7719226108711822	0.7719226108711822	0.7719226108711822	1	0	0	0
GT35	GT	Unassigned	0	0	0	0	0	0				1	1	0	0	0	0	0.3320428865877881	0.3320428865877881	0.3320428865877881	1	0	0	0
GT50	GT	Unassigned	1	1	0	0	0	0	0.105981952996574	0.105981952996574	0.105981952996574	0	0	0	0	0	0				1	0	0	0
GT59	GT	Unassigned	1	1	0	0	0	0	0.158979426673076	0.158979426673076	0.158979426673076	0	0	0	0	0	0				1	0	0	0
GT66	GT	Unassigned	0	0	0	0	0	0				1	1	0	0	0	0	0.335535154433377	0.335535154433377	0.335535154433377	1	0	0	0
GT92	GT	Unassigned	0	0	0	0	0	0				1	0	1	0	0	0	-0.4744263814148232	-0.4744263814148232	0.4744263814148232	1	0	0	0
