response	cog	fusarium_response_hits	fusarium_response_total	fusarium_background_hits	fusarium_background_total	ophiostoma_response_hits	ophiostoma_response_total	ophiostoma_background_hits	ophiostoma_background_total	fusarium_response_percent	ophiostoma_response_percent	fusarium_within_species_or	fusarium_within_species_pvalue	ophiostoma_within_species_or	ophiostoma_within_species_pvalue	interaction_log_odds	interaction_se	interaction_odds_ratio	interaction_ci_lower	interaction_ci_upper	interaction_pvalue	direct_foreground_or	direct_foreground_pvalue	interaction_padj	direct_foreground_padj	cog_name	interaction_direction	log2_interaction_or
Induced	J	18	1213	366	6920	109	2220	398	7011	1.4839241549876339	4.90990990990991	0.23198667830120018	0.9999999999999747	0.8044025195134021	0.9751717468366439	1.2434806767908337	0.26977029292560895	3.4676622952254346	2.043636671059625	5.883962626044156	4.038219970730277e-6	3.4269608128912017	7.29282068509465e-8	8.884083935606609e-5	5.348068502402744e-7	Translation and ribosome biogenesis	Stronger in Ophiostoma	1.793963405847388
Induced	U	54	1213	448	6920	177	2220	460	7011	4.451772464962902	7.972972972972973	0.6283281372327689	0.9995969950168038	1.3800439346674473	8.051860220129388e-4	0.786904894751959	0.17889074882468475	2.1965872254459256	1.5469403727529698	3.1190571556456046	1.0885032686654508e-5	1.8591837605322756	6.12925102499171e-5	1.197353595531996e-4	2.660324654055699e-4	Intracellular trafficking and secretion	Stronger in Ophiostoma	1.135263789309903
Induced	K	97	1213	471	6920	71	2220	329	7011	7.9967023907666945	3.1981981981981984	1.239347634933499	0.042018737597145674	0.5805217235175508	0.9999878597086931	-0.7585166023297728	0.18086743589304213	0.46836067709535256	0.32856625342820867	0.6676331533151423	2.743549916906724e-5	0.38022890177086205	1.4089690657952769e-9	2.0119366057315974e-4	1.5498659723748045e-8	Transcription	Stronger in Fusarium	-1.0943081406131092
Induced	A	49	1213	306	6920	44	2220	298	7011	4.03957131079967	1.981981981981982	0.8927164346666876	0.783634883687077	0.36122757051638543	0.99999999999758	-0.9048644339936558	0.22953442821930622	0.4045967309483133	0.2580112956825771	0.6344625891707268	8.074668567875076e-5	0.4804418471441799	5.852944915568063e-4	4.4410677123312916e-4	0.0016095598517812174	RNA processing and modification	Stronger in Fusarium	-1.305443431599446
Induced	Z	14	1213	139	6920	58	2220	128	7011	1.1541632316570487	2.6126126126126126	0.5214670046762161	0.9953500976810538	1.8090244542266205	7.579092324181111e-4	1.2441318248272426	0.3356055004810636	3.4699209920130825	1.7974069517135733	6.6987343513578175	2.0962478960044218e-4	2.297061083100988	0.003928681352285911	9.223490742419456e-4	0.008643098975029006	Cytoskeleton	Stronger in Ophiostoma	1.7949028138903993
Induced	S	511	1213	2776	6920	568	2220	1973	7011	42.126957955482276	25.585585585585587	1.1061635923416389	0.06180705451722156	0.8286301161789352	0.9994884261032744	-0.28892267946521244	0.0865242306988135	0.7490701216659829	0.632224850731464	0.8875102687335188	8.401666363568182e-4	0.47244676367754873	6.575423816577553e-23	0.003080610999975	1.4465932396470616e-21	Function unknown	Stronger in Fusarium	-0.41682731686481356
Induced	C	66	1213	382	6920	127	2220	284	7011	5.441055234954658	5.7207207207207205	0.9816635583249852	0.57506721826844	1.7907233519354269	1.7362462810001593e-6	0.6012696768939799	0.18523074041856086	1.824433771851345	1.2689850727663683	2.623008465036959	0.0011701510767670135	1.0545064529994055	0.7571297012746502	0.003677617669839185	0.7931834965734431	Energy production and conversion	Stronger in Ophiostoma	0.8674487810918541
Induced	B	30	1213	163	6920	22	2220	136	7011	2.4732069249793898	0.990990990990991	1.0628019803385906	0.41524856505651947	0.4106795726094293	0.9999895325299936	-0.9509545697785324	0.311082119463271	0.38637202830522094	0.2099941671920116	0.7108928131331894	0.002236205518778565	0.39480477545138015	0.0011011144559731794	0.006149565176641053	0.0026916131146011053	Chromatin structure and dynamics	Stronger in Fusarium	-1.3719374419301864
Induced	P	71	1213	305	6920	58	2220	212	7011	5.85325638911789	2.6126126126126126	1.4540360139985171	0.005434739183050087	0.8078162284662571	0.9270395852413689	-0.587880268286736	0.2093547132839841	0.5555035561089129	0.3685365057974553	0.8373232936094626	0.0049841182155700384	0.4316084665840811	3.3495136607209668e-6	0.01218340008250454	1.8422325133965318e-5	Inorganic-ion transport and metabolism	Stronger in Fusarium	-0.8481319476937472
Induced	Y	1	1213	27	6920	12	2220	25	7011	0.08244023083264633	0.5405405405405406	0.18030527001151392	0.9945618313895778	1.9973435414821874	0.06455674415744578	2.405132966458129	1.0952120703099149	11.079903439760779	1.2950085645097782	94.79802960291214	0.028088854930271412	6.5852013954071715	0.04111760987540882	0.04987321455926464	0.07538228477158283	Nuclear structure	Stronger in Ophiostoma	3.4698734033877043
Induced	F	16	1213	117	6920	41	2220	97	7011	1.3190436933223413	1.8468468468468469	0.7419519026011216	0.8933101397052402	1.5908570309516348	0.017318048529251003	0.7628488150777791	0.34107509525027085	2.1443764591344654	1.0989351092251973	4.184369358926141	0.025312445628457334	1.4075370084139918	0.26691014414659486	0.04987321455926464	0.32622350951250484	Nucleotide transport and metabolism	Stronger in Ophiostoma	1.1005582024607339
Induced	I	70	1213	325	6920	130	2220	277	7011	5.7708161582852435	5.8558558558558556	1.3093295611023175	0.03289437027539937	1.9649032782106863	4.465755841997127e-8	0.40595603562164956	0.1856189715247444	1.5007365720571786	1.043043468363114	2.159267880028439	0.02873963547126775	1.0156486152918862	0.9394110667111301	0.04987321455926464	0.9394110667111301	Lipid transport and metabolism	Stronger in Ophiostoma	0.5856707594102972
Induced	O	120	1213	645	6920	199	2220	498	7011	9.892827699917559	8.963963963963964	1.0836758750874773	0.24038430879135547	1.479231397800089	3.0392414191711497e-5	0.31120849665170464	0.14294408590048677	1.3650738048353994	1.0315247921503805	1.8064776598952894	0.029470535875929106	0.8968938832758379	0.3893438533962371	0.04987321455926464	0.42827823873586085	Post-translational modification and protein turnover	Stronger in Ophiostoma	0.44897895480192396
Induced	H	29	1213	205	6920	81	2220	221	7011	2.390766694146744	3.6486486486486487	0.7697567881379322	0.9202139105347136	1.2579522446145508	0.06232033847453722	0.49126862270526434	0.24771153521699799	1.6343883274575934	1.005770599813683	2.655899074226736	0.047341890940240085	1.5458821669876124	0.053575801768199184	0.0743944000489487	0.09066674145387554	Coenzyme transport and metabolism	No supported difference	0.7087508057212362
Induced	E	80	1213	515	6920	166	2220	476	7011	6.595218466611707	7.4774774774774775	0.8557683440767715	0.9042527427640128	1.1681688188078125	0.06658204905923387	0.31125119643501653	0.16072045378514016	1.3651320944355383	0.996246170316613	1.8706075775083792	0.05279428413236447	1.1445682441268268	0.36832141788951067	0.07743161672746789	0.42647743124048604	Amino-acid transport and metabolism	No supported difference	0.4490405575675549
Induced	G	130	1213	570	6920	156	2220	460	7011	10.717230008244023	7.027027027027027	1.436812651933901	0.00047295550520629547	1.115548048723852	0.15374743489359521	-0.25311891081014076	0.14657875783517157	0.7763755568881872	0.5825074661689048	1.0347661452268249	0.08419536245169187	0.6297160384288872	2.2619522227811985e-4	0.11576862337107632	7.108992700169481e-4	Carbohydrate transport and metabolism	No supported difference	-0.36517339738100585
Induced	D	14	1213	158	6920	44	2220	167	7011	1.1541632316570487	1.981981981981982	0.4511288886530345	0.9994090045939293	0.767394922992579	0.9447586983873006	0.5313538206395674	0.33298333617802706	1.7012339158733512	0.8857739306019533	3.2674215581744903	0.11054753038178858	1.7314960887024868	0.07332138006801922	0.14306150990584404	0.11521931153545878	Cell-cycle control and chromosome partitioning	No supported difference	0.7665815219941076
Induced	L	38	1213	268	6920	53	2220	244	7011	3.1327287716405605	2.3873873873873874	0.7701530900325673	0.9428579314009804	0.589075675113203	0.9998276229543754	-0.2680651425619016	0.23765438965486374	0.7648579546733127	0.4800486882906432	1.2186424108565697	0.2593359288672156	0.7563460473093128	0.22122329973041882	0.31696613528215245	0.2862889761217185	Replication, recombination and repair	No supported difference	-0.3867362518092485
Induced	Q	95	1213	503	6920	99	2220	328	7011	7.831821929101402	4.45945945945946	1.1036136715399585	0.21905228407843172	0.9298583010581609	0.7413922853996961	-0.17131517111367467	0.170935511742412	0.8425559823132089	0.6026921314197503	1.1778826142287226	0.31623683473940534	0.549384195042809	7.255430874697361e-5	0.36616896654036407	2.660324654055699e-4	Secondary-metabolite biosynthesis and transport	No supported difference	-0.24715554779474264
Induced	M	32	1213	134	6920	32	2220	72	7011	2.6380873866446826	1.4414414414414414	1.488835429827749	0.036706639768163275	1.73698774282836	0.015014379636535898	0.15416307750348382	0.31463713500752577	1.1666811307119231	0.6296912197612906	2.1616068607011023	0.6241544069935023	0.5398452207011312	0.016966511449229685	0.6865698476928526	0.03393302289845937	Cell wall, membrane and envelope biogenesis	No supported difference	0.22241030740245696
Induced	V	14	1213	65	6920	15	2220	36	7011	1.1541632316570487	0.6756756756756757	1.2948821627228204	0.23929582743003092	1.5451005871694437	0.1334578934241239	0.17668580993891606	0.454968158162653	1.19325612500979	0.4891667820552814	2.9107867339047298	0.6977587875286098	0.5826745291563584	0.17165355293471732	0.6977587875286098	0.23602363528523632	Defense mechanisms	No supported difference	0.2549037417943241
Induced	T	81	1213	385	6920	116	2220	329	7011	6.677658697444353	5.225225225225225	1.271697107657634	0.03849703092785191	1.1849248369311856	0.08546105550564198	-0.07066987629661357	0.17525084240449404	0.9317694405387017	0.660894190117287	1.3136660955783697	0.6867644290671298	0.7705821774528109	0.0910157211903979	0.6977587875286098	0.13348972441258358	Signal-transduction mechanisms	No supported difference	-0.10195508007336095
Repressed	J	145	1219	366	6920	78	1859	398	7011	11.894995898277276	4.195804195804196	3.3469549266686407	1.199459011137578e-24	0.6613344906035179	0.9996249360525785	-1.6218128585580731	0.17102327473858983	0.1975402617296275	0.1412790202380096	0.27620629686184106	2.4708733223757357e-21	0.3245128368875818	2.426192915763392e-15	5.435921309226619e-20	5.337624414679462e-14	Translation and ribosome biogenesis	Stronger in Fusarium	-2.339781368291686
Repressed	S	397	1219	2776	6920	589	1859	1973	7011	32.56767842493847	31.683700914470144	0.6744495573171144	0.9999999991010913	1.2625786460183093	4.719075996771886e-5	0.6271378382144379	0.08905015302132283	1.8722442373489936	1.5723943766785111	2.2292743705246676	1.887883285467281e-12	0.9602528264378525	0.60791813836029	2.076671614014009e-11	0.6368666211393514	Function unknown	Stronger in Ophiostoma	0.9047686491457946
Repressed	C	104	1219	382	6920	58	1859	284	7011	8.531583264971289	3.1199569661108124	1.8192726674491115	1.0275151292087877e-6	0.7020019380961137	0.9937935960127169	-0.9524713036238964	0.19161978497729537	0.385786448969247	0.2649945333227644	0.5616386962482145	6.673524490453985e-7	0.34539062282807825	9.702987645831991e-11	4.893917959666255e-6	1.067328641041519e-9	Energy production and conversion	Stronger in Fusarium	-1.3741256263272414
Repressed	K	58	1219	471	6920	113	1859	329	7011	4.7579983593109105	6.078536847767617	0.6396891260429938	0.9995467632986597	1.4788677131326682	7.921943938058445e-4	0.8381834227222945	0.18699580910565447	2.3121629368020886	1.60267103924479	3.3357422174674385	7.382042906440455e-6	1.2953962034830824	0.1265660671214747	4.06012359854225e-5	0.19888953404803167	Transcription	Stronger in Ophiostoma	1.209243067316792
Repressed	O	118	1219	645	6920	84	1859	498	7011	9.680065627563577	4.518558364712211	1.0522278051821452	0.33401504862064074	0.5416376705394144	0.9999999528169573	-0.6641457941229518	0.16299787485742587	0.51471301085423	0.3739543197087313	0.7084541335128238	4.610000100659232e-5	0.44167428978053896	2.6532955873653077e-8	2.0284000442900624e-4	1.9457500974012255e-7	Post-translational modification and protein turnover	Stronger in Fusarium	-0.9581598436084449
Repressed	Z	35	1219	139	6920	22	1859	128	7011	2.871205906480722	1.183431952662722	1.5907580566228539	0.014860194899903614	0.5701285731796044	0.9955600092707588	-1.026223962569222	0.30796275384300786	0.3583575806063995	0.19596269684168077	0.6553295991931739	8.613167750047284e-4	0.4052529228689664	9.145626645970134e-4	0.0031581615083506706	0.004024075724226859	Cytoskeleton	Stronger in Fusarium	-1.480528221640038
Repressed	I	69	1219	325	6920	53	1859	277	7011	5.660377358490566	2.8509951586874664	1.2761231732824725	0.049055767710717346	0.6456424720603066	0.9986439160205239	-0.6814002411974643	0.20866490314934494	0.5059081028055522	0.3360875957461734	0.7615366104663126	0.0010926176078889004	0.4892198978441444	1.3885568994210484e-4	0.0034339410533651155	7.637062946815766e-4	Lipid transport and metabolism	Stronger in Fusarium	-0.9830527488361254
Repressed	U	76	1219	448	6920	80	1859	460	7011	6.234618539786711	4.303388918773535	0.9524978104426234	0.6658382062112921	0.564757585211214	0.9999993190969091	-0.5227772270125252	0.1811404334640757	0.5928717200893178	0.4156912521517238	0.8455719832020254	0.003901315333077878	0.676419328104756	0.0185967768305916	0.010728617165964165	0.06152375660496804	Intracellular trafficking and secretion	Stronger in Fusarium	-0.7542081129006538
Repressed	H	52	1219	205	6920	52	1859	221	7011	4.265791632485644	2.797202797202797	1.6156291279407042	0.002970036465800749	0.8485190308446794	0.8647801140143515	-0.6440978349934399	0.22957741537022558	0.5251360878684237	0.33485101778046433	0.8235540468404736	0.005022609143388355	0.6459366787723317	0.03191320148705495	0.012277489017171536	0.07801004807946765	Coenzyme transport and metabolism	Stronger in Fusarium	-0.9292367523923535
Repressed	B	24	1219	163	6920	50	1859	136	7011	1.9688269073010665	2.6896180742334588	0.8036611736261055	0.8620613351347182	1.628038800875468	0.005167791056044624	0.706061586692438	0.28680238476648107	2.0259963144377595	1.1548020136767405	3.55442839335435	0.013822630978421508	1.376082415065462	0.22946146921086435	0.03040978815252732	0.3155095201649385	Chromatin structure and dynamics	Stronger in Ophiostoma	1.018631549683373
Repressed	Y	6	1219	27	6920	2	1859	25	7011	0.4922067268252666	0.10758472296933835	1.3378244055075719	0.33628977228061924	0.24019671985630556	0.9955238962032296	-1.7174894850457054	0.8711396935663593	0.17951626092494863	0.03255177812134302	0.9899947037100488	0.048661783874129005	0.21784031186025535	0.0647798859982197	0.09732356774825801	0.1295597719964394	Nuclear structure	No supported difference	-2.4778135628543785
Repressed	F	27	1219	117	6920	22	1859	97	7011	2.2149302707136997	1.183431952662722	1.412084542900875	0.07802471821543734	0.8107287728365986	0.8357170621718166	-0.5549825142488632	0.3296882670340528	0.5740822993688921	0.30084156418805097	1.0954951897626262	0.09230631779087992	0.5288504939720508	0.027621470358969055	0.15621069164610446	0.0759590434871649	Nucleotide transport and metabolism	No supported difference	-0.8006705210869234
Repressed	Q	90	1219	503	6920	107	1859	328	7011	7.383100902378999	5.755782678859602	1.020679011747018	0.4523739725276873	1.3626111923886361	0.00694918120622444	0.2889800529184313	0.17103073794558718	1.3350650976105032	0.9548125949095855	1.8667525170491952	0.09109721017696425	0.7662076517445946	0.0830803566379192	0.15621069164610446	0.15231398716951852	Secondary-metabolite biosynthesis and transport	No supported difference	0.41691008926125106
Repressed	E	119	1219	515	6920	137	1859	476	7011	9.762100082034454	7.369553523399677	1.449166763396106	5.929408162054403e-4	1.1295118653748233	0.1346143256020673	-0.2492338713587527	0.15186767027895168	0.7793976732752866	0.5787443100335685	1.0496184974530396	0.10077141419294643	0.7355069519008458	0.019575740737944377	0.15835507944605867	0.06152375660496804	Amino-acid transport and metabolism	No supported difference	-0.3595684702308303
Repressed	G	101	1219	570	6920	144	1859	460	7011	8.285479901558654	7.746100053792362	1.0077992954658301	0.4916987280249986	1.2849537932832367	0.01011617644430087	0.2429759503044199	0.15497624849180788	1.275037959474945	0.9410325993051171	1.7275934960196986	0.11692150655192271	0.9294574014451338	0.5867573149219055	0.1714848762761533	0.6368666211393514	Carbohydrate transport and metabolism	No supported difference	0.35054019855946994
Repressed	P	62	1219	305	6920	78	1859	212	7011	5.086136177194422	4.195804195804196	1.2035752678291058	0.11717879074517216	1.639919924432035	5.471023312055497e-4	0.30940055459309485	0.20575648050634573	1.3626080601239547	0.9103900479355226	2.039456307464233	0.13265295185453055	0.8173445427876586	0.25126894183261195	0.1823978087999795	0.3251715717833802	Inorganic-ion transport and metabolism	No supported difference	0.446370645759753
Repressed	D	30	1219	158	6920	35	1859	167	7011	2.4610336341263332	1.882732651963421	1.09855329836357	0.3552703394850796	0.7297976459123645	0.9613187389043221	-0.4090438276689674	0.28117771590076857	0.6642851176159718	0.3828346329347336	1.152650986937472	0.14573794764855577	0.7605893638206	0.30555851418163915	0.188602049898131	0.37346040622200344	Cell-cycle control and chromosome partitioning	No supported difference	-0.590125501684259
Repressed	A	54	1219	306	6920	92	1859	298	7011	4.4298605414273995	4.948897256589564	1.0022682361166417	0.5186858894448513	1.2500691434440023	0.04860197795635278	0.22094240638289228	0.20005173317485797	1.2472515947646572	0.842687583382259	1.8460418443561122	0.2694082337487284	1.1232586947155951	0.5444704949350413	0.32927673013733477	0.6304395204511005	RNA processing and modification	No supported difference	0.31875251401067284
Repressed	V	9	1219	65	6920	11	1859	36	7011	0.7383100902379	0.591715976331361	0.749808715817521	0.8324515872662408	1.2207156548760867	0.34964444558006963	0.4874134429158933	0.5114849958427097	1.6280995964926601	0.5974425508908087	4.436758466813687	0.340621530777258	0.800331987497382	0.6508558472704212	0.3944038777420882	0.6508558472704212	Defense mechanisms	No supported difference	0.703188956957375
Repressed	L	54	1219	268	6920	64	1859	244	7011	4.4298605414273995	3.4427111350188273	1.188402364436166	0.15191711279758302	0.9848563805662583	0.5660380922346344	-0.18792521842402093	0.21487384537361423	0.8286766746633492	0.5438520938732871	1.2626687271541561	0.38180031884368704	0.769293522508366	0.17908299506909678	0.4199803507280558	0.26265505943467526	Replication, recombination and repair	No supported difference	-0.2711187806783102
Repressed	T	61	1219	385	6920	71	1859	329	7011	5.004101722723544	3.8192576654115116	0.8742280518917273	0.8433212569239555	0.7532912973263217	0.9852889403996274	-0.14893398667063315	0.19812488387471888	0.8616259918220093	0.5843478972424487	1.2704749230495411	0.4522208296975183	0.7539072565918841	0.12210119305062311	0.4737551549212097	0.19888953404803167	Signal-transduction mechanisms	No supported difference	-0.21486632398954544
Repressed	M	20	1219	134	6920	15	1859	72	7011	1.6406890894175554	0.8068854222700377	0.8175173847700298	0.825804718976347	0.7271565635126115	0.8934572387629447	-0.11716694478550142	0.38043918371477947	0.889436693950083	0.42196717815007184	1.8747847546178136	0.7580989809645673	0.4877722831781145	0.03729926226213335	0.7580989809645673	0.08205837697669338	Cell wall, membrane and envelope biogenesis	No supported difference	-0.16903617019815392
