ID	Description	GeneRatio	BgRatio	RichFactor	FoldEnrichment	zScore	pvalue	p.adjust	qvalue	geneID	Count	contrast	gene_set	direction	ontology	significant_padj_0.05
GO:0005215	transporter activity	43/350	93/4328	0.462365591397849	5.71748079877112	13.6401764523406	1.48574331714712e-23	4.14522385484046e-21	4.0506054646432e-21	gene_596/gene_1053/gene_1110/gene_1284/gene_1314/gene_1466/gene_1721/gene_1762/gene_1870/gene_1872/gene_1941/gene_1980/gene_2704/gene_2795/gene_2811/gene_3291/gene_3308/gene_3689/gene_4072/gene_4747/gene_4757/gene_4759/gene_4863/gene_4925/gene_5013/gene_5343/gene_5757/gene_5881/gene_6121/gene_6126/gene_6289/gene_6410/gene_6450/gene_6708/gene_6767/gene_7107/gene_7222/gene_7463/gene_7694/gene_7924/gene_8037/gene_8584/gene_8603	43	interaction_vs_self	strong	down	MF	TRUE
GO:0005351	sugar:hydrogen symporter activity	29/350	48/4328	0.604166666666667	7.47095238095238	13.3709424164376	1.9576669653083e-20	2.73094541660507e-18	2.66860917902552e-18	gene_596/gene_1110/gene_1284/gene_1314/gene_1721/gene_1762/gene_1870/gene_1872/gene_1941/gene_1980/gene_3308/gene_4072/gene_4747/gene_4757/gene_4759/gene_4863/gene_4925/gene_6121/gene_6126/gene_6410/gene_6450/gene_6708/gene_7107/gene_7222/gene_7463/gene_7694/gene_8037/gene_8584/gene_8603	29	interaction_vs_self	strong	down	MF	TRUE
GO:0030246	carbohydrate binding	7/350	13/4328	0.538461538461538	6.65846153846154	6.06002931115511	2.38658098769357e-05	0.00221952031855502	0.00216885780986889	gene_1109/gene_2946/gene_2947/gene_5837/gene_6122/gene_7274/gene_8531	7	interaction_vs_self	strong	down	MF	TRUE
GO:0004553	hydrolase activity, hydrolyzing O-glycosyl compounds	18/350	78/4328	0.230769230769231	2.85362637362637	4.89970707341682	3.29324238621197e-05	0.00229703656438285	0.00224460467902342	gene_394/gene_648/gene_1109/gene_1439/gene_2690/gene_2751/gene_3338/gene_4183/gene_4325/gene_4862/gene_5037/gene_5659/gene_6122/gene_6171/gene_6789/gene_7391/gene_7979/gene_8548	18	interaction_vs_self	strong	down	MF	TRUE
GO:0003700	transcription factor activity	36/350	239/4328	0.150627615062762	1.86261805140466	4.06915298166005	0.000147130971771759	0.00820990822486415	0.00802250982923907	gene_129/gene_136/gene_664/gene_846/gene_893/gene_901/gene_1008/gene_1199/gene_1850/gene_1857/gene_1947/gene_2040/gene_2132/gene_2253/gene_2271/gene_3098/gene_3224/gene_3360/gene_3444/gene_4574/gene_4627/gene_4748/gene_4966/gene_4993/gene_5079/gene_5171/gene_5517/gene_6128/gene_6716/gene_7241/gene_7625/gene_7818/gene_7969/gene_8013/gene_8208/gene_8588	36	interaction_vs_self	strong	down	MF	TRUE
GO:0003677	DNA binding	42/350	306/4328	0.137254901960784	1.69725490196078	3.75254869595685	0.000341719347439118	0.015889949655919	0.0155272475415318	gene_129/gene_136/gene_893/gene_901/gene_1947/gene_2040/gene_2271/gene_2305/gene_2518/gene_2972/gene_3098/gene_3224/gene_3360/gene_3444/gene_3464/gene_3879/gene_4073/gene_4574/gene_4748/gene_4756/gene_4966/gene_4993/gene_5079/gene_5171/gene_5507/gene_5517/gene_5686/gene_5887/gene_6064/gene_6128/gene_6225/gene_6648/gene_6716/gene_6719/gene_7241/gene_7350/gene_7818/gene_7969/gene_7981/gene_8208/gene_8588/gene_8604	42	interaction_vs_self	strong	down	MF	TRUE
GO:0015171	amino acid transmembrane transporter activity	9/350	42/4328	0.214285714285714	2.64979591836735	3.1865729634792	0.00541075094422271	0.215657073348305	0.2107345104592	gene_5651/gene_5675/gene_6065/gene_6380/gene_6381/gene_6712/gene_7247/gene_7477/gene_8545	9	interaction_vs_self	strong	down	MF	FALSE
GO:0016564	transcription repressor activity	4/350	13/4328	0.307692307692308	3.80483516483517	3.00388775223186	0.0167084120621295	0.376683295444608	0.368085167025668	gene_2453/gene_4695/gene_6464/gene_6514	4	interaction_vs_self	strong	down	MF	FALSE
GO:0004344	glucose dehydrogenase activity	3/350	8/4328	0.375	4.63714285714286	3.05392635412252	0.0216019094161782	0.376683295444608	0.368085167025668	gene_3441/gene_4970/gene_8586	3	interaction_vs_self	strong	down	MF	FALSE
GO:0018446	pinocarveol dehydrogenase activity	3/350	8/4328	0.375	4.63714285714286	3.05392635412252	0.0216019094161782	0.376683295444608	0.368085167025668	gene_3441/gene_4970/gene_8586	3	interaction_vs_self	strong	down	MF	FALSE
GO:0018447	chloral hydrate dehydrogenase activity	3/350	8/4328	0.375	4.63714285714286	3.05392635412252	0.0216019094161782	0.376683295444608	0.368085167025668	gene_3441/gene_4970/gene_8586	3	interaction_vs_self	strong	down	MF	FALSE
GO:0018448	hydroxymethylmethylsilanediol oxidase activity	3/350	8/4328	0.375	4.63714285714286	3.05392635412252	0.0216019094161782	0.376683295444608	0.368085167025668	gene_3441/gene_4970/gene_8586	3	interaction_vs_self	strong	down	MF	FALSE
GO:0018449	1-phenylethanol dehydrogenase activity	3/350	8/4328	0.375	4.63714285714286	3.05392635412252	0.0216019094161782	0.376683295444608	0.368085167025668	gene_3441/gene_4970/gene_8586	3	interaction_vs_self	strong	down	MF	FALSE
GO:0018450	myrtenol dehydrogenase activity	3/350	8/4328	0.375	4.63714285714286	3.05392635412252	0.0216019094161782	0.376683295444608	0.368085167025668	gene_3441/gene_4970/gene_8586	3	interaction_vs_self	strong	down	MF	FALSE
GO:0042469	versicolorin reductase activity	3/350	8/4328	0.375	4.63714285714286	3.05392635412252	0.0216019094161782	0.376683295444608	0.368085167025668	gene_3441/gene_4970/gene_8586	3	interaction_vs_self	strong	down	MF	FALSE
GO:0045703	ketoreductase activity	3/350	8/4328	0.375	4.63714285714286	3.05392635412252	0.0216019094161782	0.376683295444608	0.368085167025668	gene_3441/gene_4970/gene_8586	3	interaction_vs_self	strong	down	MF	FALSE
GO:0004316	3-oxoacyl-[acyl-carrier-protein] reductase activity	3/350	9/4328	0.333333333333333	4.12190476190476	2.78063755012625	0.0304941372644578	0.50046260569316	0.489039105355701	gene_3066/gene_3439/gene_4914	3	interaction_vs_self	strong	down	MF	FALSE
GO:0004497	monooxygenase activity	11/350	75/4328	0.146666666666667	1.8136380952381	2.10818779705971	0.0370327270790559	0.574007269725367	0.560905047571666	gene_1474/gene_1510/gene_3206/gene_3703/gene_4321/gene_5481/gene_5766/gene_7103/gene_7374/gene_8585/gene_8587	11	interaction_vs_self	strong	down	MF	FALSE
GO:0050381	unspecific monooxygenase activity	3/350	10/4328	0.3	3.70971428571429	2.54435240106223	0.0410084547691811	0.590415849698506	0.576939087236043	gene_1474/gene_4321/gene_8585	3	interaction_vs_self	strong	down	MF	FALSE
GO:0020037	heme binding	12/350	86/4328	0.13953488372093	1.72544850498339	2.01541999994566	0.0423237168242657	0.590415849698506	0.576939087236043	gene_829/gene_845/gene_1474/gene_1510/gene_3206/gene_3703/gene_4321/gene_5481/gene_5766/gene_6240/gene_7103/gene_8585	12	interaction_vs_self	strong	down	MF	FALSE
GO:0003855	3-dehydroquinate dehydratase activity	2/350	5/4328	0.4	4.94628571428571	2.61864116144568	0.0553497494444282	0.627076525026343	0.612762950318139	gene_1874/gene_1877	2	interaction_vs_self	strong	down	MF	FALSE
GO:0004713	protein-tyrosine kinase activity	2/350	5/4328	0.4	4.94628571428571	2.61864116144568	0.0553497494444282	0.627076525026343	0.612762950318139	gene_3365/gene_4059	2	interaction_vs_self	strong	down	MF	FALSE
GO:0004765	shikimate kinase activity	2/350	5/4328	0.4	4.94628571428571	2.61864116144568	0.0553497494444282	0.627076525026343	0.612762950318139	gene_1874/gene_2401	2	interaction_vs_self	strong	down	MF	FALSE
GO:0015299	solute:hydrogen antiporter activity	2/350	5/4328	0.4	4.94628571428571	2.61864116144568	0.0553497494444282	0.627076525026343	0.612762950318139	gene_2428/gene_2995	2	interaction_vs_self	strong	down	MF	FALSE
GO:0018664	benzoate 4-monooxygenase activity	3/350	12/4328	0.25	3.09142857142857	2.15173122451951	0.0666804012749731	0.627076525026343	0.612762950318139	gene_3703/gene_5481/gene_7103	3	interaction_vs_self	strong	down	MF	FALSE
GO:0043365	[formate-C-acetyltransferase]-activating enzyme activity	3/350	12/4328	0.25	3.09142857142857	2.15173122451951	0.0666804012749731	0.627076525026343	0.612762950318139	gene_1863/gene_4613/gene_7113	3	interaction_vs_self	strong	down	MF	FALSE
GO:0003996	acyl-CoA ligase activity	2/350	6/4328	0.333333333333333	4.12190476190476	2.26959295373708	0.0786655138921935	0.627076525026343	0.612762950318139	gene_4025/gene_6527	2	interaction_vs_self	strong	down	MF	FALSE
GO:0004774	succinate-CoA ligase activity	2/350	6/4328	0.333333333333333	4.12190476190476	2.26959295373708	0.0786655138921935	0.627076525026343	0.612762950318139	gene_4025/gene_6527	2	interaction_vs_self	strong	down	MF	FALSE
GO:0018853	perillyl-CoA synthetase activity	2/350	6/4328	0.333333333333333	4.12190476190476	2.26959295373708	0.0786655138921935	0.627076525026343	0.612762950318139	gene_4025/gene_6527	2	interaction_vs_self	strong	down	MF	FALSE
GO:0018854	3-isopropenyl-6-oxoheptanoyl-CoA synthetase activity	2/350	6/4328	0.333333333333333	4.12190476190476	2.26959295373708	0.0786655138921935	0.627076525026343	0.612762950318139	gene_4025/gene_6527	2	interaction_vs_self	strong	down	MF	FALSE
GO:0018855	2-oxo-delta3-4,5,5-trimethylcyclopentenylacetyl-CoA synthetase activity	2/350	6/4328	0.333333333333333	4.12190476190476	2.26959295373708	0.0786655138921935	0.627076525026343	0.612762950318139	gene_4025/gene_6527	2	interaction_vs_self	strong	down	MF	FALSE
GO:0018856	benzoyl acetate-CoA ligase activity	2/350	6/4328	0.333333333333333	4.12190476190476	2.26959295373708	0.0786655138921935	0.627076525026343	0.612762950318139	gene_4025/gene_6527	2	interaction_vs_self	strong	down	MF	FALSE
GO:0018857	2,4-dichlorobenzoate-CoA ligase activity	2/350	6/4328	0.333333333333333	4.12190476190476	2.26959295373708	0.0786655138921935	0.627076525026343	0.612762950318139	gene_4025/gene_6527	2	interaction_vs_self	strong	down	MF	FALSE
GO:0043759	branched-chain acyl-CoA synthetase (ADP-forming) activity	2/350	6/4328	0.333333333333333	4.12190476190476	2.26959295373708	0.0786655138921935	0.627076525026343	0.612762950318139	gene_4025/gene_6527	2	interaction_vs_self	strong	down	MF	FALSE
GO:0043762	aryl-CoA synthetase (ADP-forming) activity	2/350	6/4328	0.333333333333333	4.12190476190476	2.26959295373708	0.0786655138921935	0.627076525026343	0.612762950318139	gene_4025/gene_6527	2	interaction_vs_self	strong	down	MF	FALSE
GO:0005506	iron ion binding	12/350	96/4328	0.125	1.54571428571429	1.60370022554857	0.0842739447965096	0.65312307217295	0.638214962055438	gene_1474/gene_1510/gene_3206/gene_3703/gene_4321/gene_5481/gene_5766/gene_6240/gene_6467/gene_6858/gene_7103/gene_8585	12	interaction_vs_self	strong	down	MF	FALSE
GO:0003824	catalytic activity	37/350	370/4328	0.1	1.23657142857143	1.41130324437782	0.0972219079670126	0.700823401919296	0.684826489707971	gene_14/gene_323/gene_1054/gene_1109/gene_1288/gene_1428/gene_2106/gene_2886/gene_2942/gene_2946/gene_2947/gene_3830/gene_3955/gene_4025/gene_4058/gene_4450/gene_4755/gene_5066/gene_5169/gene_5485/gene_5516/gene_5837/gene_5914/gene_6041/gene_6064/gene_6122/gene_6225/gene_6267/gene_6527/gene_6858/gene_7146/gene_7274/gene_7448/gene_7467/gene_7970/gene_8220/gene_8531	37	interaction_vs_self	strong	down	MF	FALSE
GO:0015205	nucleobase transmembrane transporter activity	3/350	14/4328	0.214285714285714	2.64979591836735	1.83378853286529	0.0979645615586113	0.700823401919296	0.684826489707971	gene_2551/gene_5616/gene_6471	3	interaction_vs_self	strong	down	MF	FALSE
GO:0015520	tetracycline:hydrogen antiporter activity	3/350	14/4328	0.214285714285714	2.64979591836735	1.83378853286529	0.0979645615586113	0.700823401919296	0.684826489707971	gene_1192/gene_4904/gene_6485	3	interaction_vs_self	strong	down	MF	FALSE
GO:0008496	mannan endo-1,6-alpha-mannosidase activity	2/350	7/4328	0.285714285714286	3.5330612244898	1.98928796003225	0.104391616969126	0.728131528359656	0.711511284079045	gene_5066/gene_8220	2	interaction_vs_self	strong	down	MF	FALSE
GO:0016614	oxidoreductase activity, acting on CH-OH group of donors	2/350	8/4328	0.25	3.09142857142857	1.75606762860777	0.131988186153442	0.737019278611319	0.720196163593026	gene_4913/gene_5980	2	interaction_vs_self	strong	down	MF	FALSE
GO:0008422	beta-glucosidase activity	3/350	16/4328	0.1875	2.31857142857143	1.56718171759643	0.133989167316027	0.737019278611319	0.720196163593026	gene_1439/gene_5659/gene_7979	3	interaction_vs_self	strong	down	MF	FALSE
GO:0004364	glutathione transferase activity	2/350	9/4328	0.222222222222222	2.74793650793651	1.55686296023949	0.160986485836009	0.737019278611319	0.720196163593026	gene_936/gene_1730	2	interaction_vs_self	strong	down	MF	FALSE
GO:0032115	sorbose reductase activity	2/350	9/4328	0.222222222222222	2.74793650793651	1.55686296023949	0.160986485836009	0.737019278611319	0.720196163593026	gene_4744/gene_4746	2	interaction_vs_self	strong	down	MF	FALSE
GO:0016491	oxidoreductase activity	35/350	372/4328	0.0940860215053763	1.16344086021505	0.977910362641537	0.188288943468751	0.737019278611319	0.720196163593026	gene_902/gene_972/gene_1225/gene_1864/gene_3066/gene_3223/gene_3439/gene_3441/gene_3646/gene_3734/gene_3793/gene_3998/gene_4305/gene_4744/gene_4745/gene_4746/gene_4763/gene_4766/gene_4914/gene_4970/gene_5168/gene_5485/gene_5622/gene_5650/gene_5989/gene_6267/gene_6467/gene_6763/gene_7189/gene_7374/gene_7379/gene_8544/gene_8586/gene_8587/gene_8589	35	interaction_vs_self	strong	down	MF	FALSE
GO:0004499	flavin-containing monooxygenase activity	2/350	10/4328	0.2	2.47314285714286	1.38324346055218	0.190980993602716	0.737019278611319	0.720196163593026	gene_4698/gene_5989	2	interaction_vs_self	strong	down	MF	FALSE
GO:0004871	signal transducer activity	3/350	19/4328	0.157894736842105	1.95248120300752	1.23407071810908	0.194797557257592	0.737019278611319	0.720196163593026	gene_649/gene_5257/gene_5283	3	interaction_vs_self	strong	down	MF	FALSE
GO:0016627	oxidoreductase activity, acting on the CH-CH group of donors	3/350	19/4328	0.157894736842105	1.95248120300752	1.23407071810908	0.194797557257592	0.737019278611319	0.720196163593026	gene_150/gene_3558/gene_7219	3	interaction_vs_self	strong	down	MF	FALSE
GO:0008168	methyltransferase activity	3/350	20/4328	0.15	1.85485714285714	1.1364904109268	0.216387479774063	0.737019278611319	0.720196163593026	gene_2248/gene_2557/gene_8061	3	interaction_vs_self	strong	down	MF	FALSE
GO:0042626	ATPase activity, coupled to transmembrane movement of substances	4/350	30/4328	0.133333333333333	1.6487619047619	1.05756688219625	0.220901566138704	0.737019278611319	0.720196163593026	gene_175/gene_711/gene_1755/gene_2392	4	interaction_vs_self	strong	down	MF	FALSE
GO:0015645	fatty-acid ligase activity	2/350	11/4328	0.181818181818182	2.24831168831169	1.22948556896262	0.221622287368819	0.737019278611319	0.720196163593026	gene_4025/gene_6527	2	interaction_vs_self	strong	down	MF	FALSE
GO:0016758	transferase activity, transferring hexosyl groups	2/350	11/4328	0.181818181818182	2.24831168831169	1.22948556896262	0.221622287368819	0.737019278611319	0.720196163593026	gene_7449/gene_7824	2	interaction_vs_self	strong	down	MF	FALSE
GO:0050662	coenzyme binding	2/350	12/4328	0.166666666666667	2.06095238095238	1.0915430710905	0.252610664587588	0.737019278611319	0.720196163593026	gene_4450/gene_5485	2	interaction_vs_self	strong	down	MF	FALSE
GO:0043765	T/G mismatch-specific endonuclease activity	2/350	13/4328	0.153846153846154	1.90241758241758	0.96646004628303	0.283690422141908	0.737019278611319	0.720196163593026	gene_1179/gene_6225	2	interaction_vs_self	strong	down	MF	FALSE
GO:0008559	xenobiotic-transporting ATPase activity	2/350	14/4328	0.142857142857143	1.7665306122449	0.852017532093273	0.314644732239124	0.737019278611319	0.720196163593026	gene_711/gene_1755	2	interaction_vs_self	strong	down	MF	FALSE
GO:0004289	subtilase activity	3/350	25/4328	0.12	1.48388571428571	0.719651462530796	0.329247501118595	0.737019278611319	0.720196163593026	gene_4133/gene_4669/gene_4966	3	interaction_vs_self	strong	down	MF	FALSE
GO:0003858	3-hydroxybutyrate dehydrogenase activity	1/350	5/4328	0.2	2.47314285714286	0.9775350295695	0.344157914795975	0.737019278611319	0.720196163593026	gene_4305	1	interaction_vs_self	strong	down	MF	FALSE
GO:0003906	DNA-(apurinic or apyrimidinic site) lyase activity	1/350	5/4328	0.2	2.47314285714286	0.9775350295695	0.344157914795975	0.737019278611319	0.720196163593026	gene_7448	1	interaction_vs_self	strong	down	MF	FALSE
GO:0003910	DNA ligase (ATP) activity	1/350	5/4328	0.2	2.47314285714286	0.9775350295695	0.344157914795975	0.737019278611319	0.720196163593026	gene_7350	1	interaction_vs_self	strong	down	MF	FALSE
GO:0004460	L-lactate dehydrogenase (cytochrome) activity	1/350	5/4328	0.2	2.47314285714286	0.9775350295695	0.344157914795975	0.737019278611319	0.720196163593026	gene_5650	1	interaction_vs_self	strong	down	MF	FALSE
GO:0004525	ribonuclease III activity	1/350	5/4328	0.2	2.47314285714286	0.9775350295695	0.344157914795975	0.737019278611319	0.720196163593026	gene_2972	1	interaction_vs_self	strong	down	MF	FALSE
GO:0004540	ribonuclease activity	1/350	5/4328	0.2	2.47314285714286	0.9775350295695	0.344157914795975	0.737019278611319	0.720196163593026	gene_1201	1	interaction_vs_self	strong	down	MF	FALSE
GO:0004650	polygalacturonase activity	1/350	5/4328	0.2	2.47314285714286	0.9775350295695	0.344157914795975	0.737019278611319	0.720196163593026	gene_5694	1	interaction_vs_self	strong	down	MF	FALSE
GO:0008199	ferric iron binding	1/350	5/4328	0.2	2.47314285714286	0.9775350295695	0.344157914795975	0.737019278611319	0.720196163593026	gene_6858	1	interaction_vs_self	strong	down	MF	FALSE
GO:0015412	molybdate transmembrane-transporting ATPase activity	1/350	5/4328	0.2	2.47314285714286	0.9775350295695	0.344157914795975	0.737019278611319	0.720196163593026	gene_175	1	interaction_vs_self	strong	down	MF	FALSE
GO:0016702	oxidoreductase activity, acting on single donors with incorporation of molecular oxygen, incorporation of two atoms of oxygen	1/350	5/4328	0.2	2.47314285714286	0.9775350295695	0.344157914795975	0.737019278611319	0.720196163593026	gene_6858	1	interaction_vs_self	strong	down	MF	FALSE
GO:0016780	phosphotransferase activity, for other substituted phosphate groups	1/350	5/4328	0.2	2.47314285714286	0.9775350295695	0.344157914795975	0.737019278611319	0.720196163593026	gene_2806	1	interaction_vs_self	strong	down	MF	FALSE
GO:0018071	NAD(P)-cysteine ADP-ribosyltransferase activity	1/350	5/4328	0.2	2.47314285714286	0.9775350295695	0.344157914795975	0.737019278611319	0.720196163593026	gene_626	1	interaction_vs_self	strong	down	MF	FALSE
GO:0018121	NAD(P)-asparagine ADP-ribosyltransferase activity	1/350	5/4328	0.2	2.47314285714286	0.9775350295695	0.344157914795975	0.737019278611319	0.720196163593026	gene_626	1	interaction_vs_self	strong	down	MF	FALSE
GO:0018127	NAD(P)-serine ADP-ribosyltransferase activity	1/350	5/4328	0.2	2.47314285714286	0.9775350295695	0.344157914795975	0.737019278611319	0.720196163593026	gene_626	1	interaction_vs_self	strong	down	MF	FALSE
GO:0043867	7-cyano-7-deazaguanine tRNA-ribosyltransferase activity	1/350	5/4328	0.2	2.47314285714286	0.9775350295695	0.344157914795975	0.737019278611319	0.720196163593026	gene_626	1	interaction_vs_self	strong	down	MF	FALSE
GO:0003993	acid phosphatase activity	2/350	15/4328	0.133333333333333	1.6487619047619	0.746511188263232	0.345291055726836	0.737019278611319	0.720196163593026	gene_33/gene_5385	2	interaction_vs_self	strong	down	MF	FALSE
GO:0042578	phosphoric ester hydrolase activity	2/350	15/4328	0.133333333333333	1.6487619047619	0.746511188263232	0.345291055726836	0.737019278611319	0.720196163593026	gene_1179/gene_6225	2	interaction_vs_self	strong	down	MF	FALSE
GO:0004725	protein tyrosine phosphatase activity	2/350	16/4328	0.125	1.54571428571429	0.648606084639043	0.375477039785523	0.737019278611319	0.720196163593026	gene_1646/gene_4130	2	interaction_vs_self	strong	down	MF	FALSE
GO:0004806	triacylglycerol lipase activity	2/350	16/4328	0.125	1.54571428571429	0.648606084639043	0.375477039785523	0.737019278611319	0.720196163593026	gene_1066/gene_4697	2	interaction_vs_self	strong	down	MF	FALSE
GO:0000107	imidazoleglycerol-phosphate synthase activity	1/350	6/4328	0.166666666666667	2.06095238095238	0.771301571221203	0.39725639497673	0.737019278611319	0.720196163593026	gene_626	1	interaction_vs_self	strong	down	MF	FALSE
GO:0008688	3-(3-hydroxy-phenyl)propionate hydroxylase activity	1/350	6/4328	0.166666666666667	2.06095238095238	0.771301571221203	0.39725639497673	0.737019278611319	0.720196163593026	gene_5766	1	interaction_vs_self	strong	down	MF	FALSE
GO:0008800	beta-lactamase activity	1/350	6/4328	0.166666666666667	2.06095238095238	0.771301571221203	0.39725639497673	0.737019278611319	0.720196163593026	gene_3680	1	interaction_vs_self	strong	down	MF	FALSE
GO:0016207	4-coumarate-CoA ligase activity	1/350	6/4328	0.166666666666667	2.06095238095238	0.771301571221203	0.39725639497673	0.737019278611319	0.720196163593026	gene_3830	1	interaction_vs_self	strong	down	MF	FALSE
GO:0016289	CoA hydrolase activity	1/350	6/4328	0.166666666666667	2.06095238095238	0.771301571221203	0.39725639497673	0.737019278611319	0.720196163593026	gene_5009	1	interaction_vs_self	strong	down	MF	FALSE
GO:0016291	acyl-CoA thioesterase activity	1/350	6/4328	0.166666666666667	2.06095238095238	0.771301571221203	0.39725639497673	0.737019278611319	0.720196163593026	gene_5009	1	interaction_vs_self	strong	down	MF	FALSE
GO:0018471	4-chlorobenzaldehyde oxidase activity	1/350	6/4328	0.166666666666667	2.06095238095238	0.771301571221203	0.39725639497673	0.737019278611319	0.720196163593026	gene_5766	1	interaction_vs_self	strong	down	MF	FALSE
GO:0018630	3,5-xylenol methylhydroxylase activity	1/350	6/4328	0.166666666666667	2.06095238095238	0.771301571221203	0.39725639497673	0.737019278611319	0.720196163593026	gene_5766	1	interaction_vs_self	strong	down	MF	FALSE
GO:0018631	phenylacetate hydroxylase activity	1/350	6/4328	0.166666666666667	2.06095238095238	0.771301571221203	0.39725639497673	0.737019278611319	0.720196163593026	gene_5766	1	interaction_vs_self	strong	down	MF	FALSE
GO:0018632	4-nitrophenol 4-monooxygenase activity	1/350	6/4328	0.166666666666667	2.06095238095238	0.771301571221203	0.39725639497673	0.737019278611319	0.720196163593026	gene_5766	1	interaction_vs_self	strong	down	MF	FALSE
GO:0018633	dimethyl sulfide monooxygenase activity	1/350	6/4328	0.166666666666667	2.06095238095238	0.771301571221203	0.39725639497673	0.737019278611319	0.720196163593026	gene_5766	1	interaction_vs_self	strong	down	MF	FALSE
GO:0018634	alpha-pinene monooxygenase [NADH] activity	1/350	6/4328	0.166666666666667	2.06095238095238	0.771301571221203	0.39725639497673	0.737019278611319	0.720196163593026	gene_5766	1	interaction_vs_self	strong	down	MF	FALSE
GO:0018635	limonene 1,2-monooxygenase activity	1/350	6/4328	0.166666666666667	2.06095238095238	0.771301571221203	0.39725639497673	0.737019278611319	0.720196163593026	gene_5766	1	interaction_vs_self	strong	down	MF	FALSE
GO:0018636	phenanthrene 9,10-monooxygenase activity	1/350	6/4328	0.166666666666667	2.06095238095238	0.771301571221203	0.39725639497673	0.737019278611319	0.720196163593026	gene_5766	1	interaction_vs_self	strong	down	MF	FALSE
GO:0018637	1-hydroxy-2-naphthoate hydroxylase activity	1/350	6/4328	0.166666666666667	2.06095238095238	0.771301571221203	0.39725639497673	0.737019278611319	0.720196163593026	gene_5766	1	interaction_vs_self	strong	down	MF	FALSE
GO:0018638	toluene 4-monooxygenase activity	1/350	6/4328	0.166666666666667	2.06095238095238	0.771301571221203	0.39725639497673	0.737019278611319	0.720196163593026	gene_5766	1	interaction_vs_self	strong	down	MF	FALSE
GO:0018639	xylene monooxygenase activity	1/350	6/4328	0.166666666666667	2.06095238095238	0.771301571221203	0.39725639497673	0.737019278611319	0.720196163593026	gene_5766	1	interaction_vs_self	strong	down	MF	FALSE
GO:0018640	dibenzothiophene monooxygenase activity	1/350	6/4328	0.166666666666667	2.06095238095238	0.771301571221203	0.39725639497673	0.737019278611319	0.720196163593026	gene_5766	1	interaction_vs_self	strong	down	MF	FALSE
GO:0018641	6-hydroxy-3-methyl-2-oxo-1,2-dihydroquinoline 6-monooxygenase activity	1/350	6/4328	0.166666666666667	2.06095238095238	0.771301571221203	0.39725639497673	0.737019278611319	0.720196163593026	gene_5766	1	interaction_vs_self	strong	down	MF	FALSE
GO:0018642	chlorophenol 4-monooxygenase activity	1/350	6/4328	0.166666666666667	2.06095238095238	0.771301571221203	0.39725639497673	0.737019278611319	0.720196163593026	gene_5766	1	interaction_vs_self	strong	down	MF	FALSE
GO:0018643	carbon disulfide oxygenase activity	1/350	6/4328	0.166666666666667	2.06095238095238	0.771301571221203	0.39725639497673	0.737019278611319	0.720196163593026	gene_5766	1	interaction_vs_self	strong	down	MF	FALSE
GO:0018644	toluene 2-monooxygenase activity	1/350	6/4328	0.166666666666667	2.06095238095238	0.771301571221203	0.39725639497673	0.737019278611319	0.720196163593026	gene_5766	1	interaction_vs_self	strong	down	MF	FALSE
GO:0018646	1-hydroxy-2-oxolimonene 1,2-monooxygenase activity	1/350	6/4328	0.166666666666667	2.06095238095238	0.771301571221203	0.39725639497673	0.737019278611319	0.720196163593026	gene_5766	1	interaction_vs_self	strong	down	MF	FALSE
GO:0018647	phenanthrene 1,2-monooxygenase activity	1/350	6/4328	0.166666666666667	2.06095238095238	0.771301571221203	0.39725639497673	0.737019278611319	0.720196163593026	gene_5766	1	interaction_vs_self	strong	down	MF	FALSE
GO:0018648	methanesulfonic acid monooxygenase activity	1/350	6/4328	0.166666666666667	2.06095238095238	0.771301571221203	0.39725639497673	0.737019278611319	0.720196163593026	gene_5766	1	interaction_vs_self	strong	down	MF	FALSE
GO:0018649	tetrahydrofuran hydroxylase activity	1/350	6/4328	0.166666666666667	2.06095238095238	0.771301571221203	0.39725639497673	0.737019278611319	0.720196163593026	gene_5766	1	interaction_vs_self	strong	down	MF	FALSE
GO:0018650	styrene monooxygenase activity	1/350	6/4328	0.166666666666667	2.06095238095238	0.771301571221203	0.39725639497673	0.737019278611319	0.720196163593026	gene_5766	1	interaction_vs_self	strong	down	MF	FALSE
GO:0018651	toluene-4-sulfonate monooxygenase activity	1/350	6/4328	0.166666666666667	2.06095238095238	0.771301571221203	0.39725639497673	0.737019278611319	0.720196163593026	gene_5766	1	interaction_vs_self	strong	down	MF	FALSE
GO:0018652	toluene-sulfonate methyl-monooxygenase activity	1/350	6/4328	0.166666666666667	2.06095238095238	0.771301571221203	0.39725639497673	0.737019278611319	0.720196163593026	gene_5766	1	interaction_vs_self	strong	down	MF	FALSE
GO:0018653	3-methyl-2-oxo-1,2-dihydroquinoline 6-monooxygenase activity	1/350	6/4328	0.166666666666667	2.06095238095238	0.771301571221203	0.39725639497673	0.737019278611319	0.720196163593026	gene_5766	1	interaction_vs_self	strong	down	MF	FALSE
GO:0018654	2-hydroxy-phenylacetate hydroxylase activity	1/350	6/4328	0.166666666666667	2.06095238095238	0.771301571221203	0.39725639497673	0.737019278611319	0.720196163593026	gene_5766	1	interaction_vs_self	strong	down	MF	FALSE
GO:0018655	2-oxo-delta3-4,5,5-trimethylcyclopentenylacetyl-CoA 1,2-monooxygenase activity	1/350	6/4328	0.166666666666667	2.06095238095238	0.771301571221203	0.39725639497673	0.737019278611319	0.720196163593026	gene_5766	1	interaction_vs_self	strong	down	MF	FALSE
GO:0018656	phenanthrene 3,4-monooxygenase activity	1/350	6/4328	0.166666666666667	2.06095238095238	0.771301571221203	0.39725639497673	0.737019278611319	0.720196163593026	gene_5766	1	interaction_vs_self	strong	down	MF	FALSE
GO:0018657	toluene 3-monooxygenase activity	1/350	6/4328	0.166666666666667	2.06095238095238	0.771301571221203	0.39725639497673	0.737019278611319	0.720196163593026	gene_5766	1	interaction_vs_self	strong	down	MF	FALSE
GO:0019113	limonene monooxygenase activity	1/350	6/4328	0.166666666666667	2.06095238095238	0.771301571221203	0.39725639497673	0.737019278611319	0.720196163593026	gene_5766	1	interaction_vs_self	strong	down	MF	FALSE
GO:0043719	2-octaprenyl-3-methyl-6-methoxy-1,4-benzoquinol hydroxylase	1/350	6/4328	0.166666666666667	2.06095238095238	0.771301571221203	0.39725639497673	0.737019278611319	0.720196163593026	gene_5766	1	interaction_vs_self	strong	down	MF	FALSE
GO:0043731	6-hydroxynicotinate 3-monooxygenase activity	1/350	6/4328	0.166666666666667	2.06095238095238	0.771301571221203	0.39725639497673	0.737019278611319	0.720196163593026	gene_5766	1	interaction_vs_self	strong	down	MF	FALSE
GO:0016791	phosphoric monoester hydrolase activity	2/350	17/4328	0.117647058823529	1.45478991596639	0.55723881009155	0.405076851983083	0.737019278611319	0.720196163593026	gene_1646/gene_4130	2	interaction_vs_self	strong	down	MF	FALSE
GO:0050661	NADP binding	2/350	17/4328	0.117647058823529	1.45478991596639	0.55723881009155	0.405076851983083	0.737019278611319	0.720196163593026	gene_3646/gene_4698	2	interaction_vs_self	strong	down	MF	FALSE
GO:0016887	ATPase activity	4/350	40/4328	0.1	1.23657142857143	0.445820444084184	0.407493980832981	0.737019278611319	0.720196163593026	gene_175/gene_711/gene_1755/gene_2392	4	interaction_vs_self	strong	down	MF	FALSE
GO:0008810	cellulase activity	2/350	18/4328	0.111111111111111	1.37396825396825	0.471549658329374	0.433987907242329	0.737019278611319	0.720196163593026	gene_2958/gene_3418	2	interaction_vs_self	strong	down	MF	FALSE
GO:0015662	ATPase activity, coupled to transmembrane movement of ions, phosphorylative mechanism	2/350	18/4328	0.111111111111111	1.37396825396825	0.471549658329374	0.433987907242329	0.737019278611319	0.720196163593026	gene_2474/gene_5107	2	interaction_vs_self	strong	down	MF	FALSE
GO:0004719	protein-L-isoaspartate (D-aspartate) O-methyltransferase activity	1/350	7/4328	0.142857142857143	1.7665306122449	0.601979179655263	0.446067191311332	0.737019278611319	0.720196163593026	gene_3098	1	interaction_vs_self	strong	down	MF	FALSE
GO:0016853	isomerase activity	1/350	7/4328	0.142857142857143	1.7665306122449	0.601979179655263	0.446067191311332	0.737019278611319	0.720196163593026	gene_5837	1	interaction_vs_self	strong	down	MF	FALSE
GO:0000009	alpha-1,6-mannosyltransferase activity	2/350	19/4328	0.105263157894737	1.30165413533835	0.390834521712474	0.462127948417004	0.737019278611319	0.720196163593026	gene_1588/gene_4069	2	interaction_vs_self	strong	down	MF	FALSE
GO:0000026	alpha-1,2-mannosyltransferase activity	2/350	19/4328	0.105263157894737	1.30165413533835	0.390834521712474	0.462127948417004	0.737019278611319	0.720196163593026	gene_1588/gene_4069	2	interaction_vs_self	strong	down	MF	FALSE
GO:0000033	alpha-1,3-mannosyltransferase activity	2/350	19/4328	0.105263157894737	1.30165413533835	0.390834521712474	0.462127948417004	0.737019278611319	0.720196163593026	gene_1588/gene_4069	2	interaction_vs_self	strong	down	MF	FALSE
GO:0001962	alpha-1,3-galactosyltransferase activity	2/350	19/4328	0.105263157894737	1.30165413533835	0.390834521712474	0.462127948417004	0.737019278611319	0.720196163593026	gene_1588/gene_4069	2	interaction_vs_self	strong	down	MF	FALSE
GO:0003980	UDP-glucose:glycoprotein glucosyltransferase activity	2/350	19/4328	0.105263157894737	1.30165413533835	0.390834521712474	0.462127948417004	0.737019278611319	0.720196163593026	gene_1588/gene_4069	2	interaction_vs_self	strong	down	MF	FALSE
GO:0004376	glycolipid mannosyltransferase activity	2/350	19/4328	0.105263157894737	1.30165413533835	0.390834521712474	0.462127948417004	0.737019278611319	0.720196163593026	gene_1588/gene_4069	2	interaction_vs_self	strong	down	MF	FALSE
GO:0004583	dolichyl-phosphate-glucose-glycolipid alpha-glucosyltransferase activity	2/350	19/4328	0.105263157894737	1.30165413533835	0.390834521712474	0.462127948417004	0.737019278611319	0.720196163593026	gene_1588/gene_4069	2	interaction_vs_self	strong	down	MF	FALSE
GO:0008375	acetylglucosaminyltransferase activity	2/350	19/4328	0.105263157894737	1.30165413533835	0.390834521712474	0.462127948417004	0.737019278611319	0.720196163593026	gene_1588/gene_4069	2	interaction_vs_self	strong	down	MF	FALSE
GO:0008376	acetylgalactosaminyltransferase activity	2/350	19/4328	0.105263157894737	1.30165413533835	0.390834521712474	0.462127948417004	0.737019278611319	0.720196163593026	gene_1588/gene_4069	2	interaction_vs_self	strong	down	MF	FALSE
GO:0008378	galactosyltransferase activity	2/350	19/4328	0.105263157894737	1.30165413533835	0.390834521712474	0.462127948417004	0.737019278611319	0.720196163593026	gene_1588/gene_4069	2	interaction_vs_self	strong	down	MF	FALSE
GO:0008417	fucosyltransferase activity	2/350	19/4328	0.105263157894737	1.30165413533835	0.390834521712474	0.462127948417004	0.737019278611319	0.720196163593026	gene_1588/gene_4069	2	interaction_vs_self	strong	down	MF	FALSE
GO:0008755	O antigen polymerase activity	2/350	19/4328	0.105263157894737	1.30165413533835	0.390834521712474	0.462127948417004	0.737019278611319	0.720196163593026	gene_1588/gene_4069	2	interaction_vs_self	strong	down	MF	FALSE
GO:0008921	lipopolysaccharide-1,6-galactosyltransferase activity	2/350	19/4328	0.105263157894737	1.30165413533835	0.390834521712474	0.462127948417004	0.737019278611319	0.720196163593026	gene_1588/gene_4069	2	interaction_vs_self	strong	down	MF	FALSE
GO:0016253	UDP-N-acetylglucosamine-peptide N-acetylglucosaminyltransferase activity	2/350	19/4328	0.105263157894737	1.30165413533835	0.390834521712474	0.462127948417004	0.737019278611319	0.720196163593026	gene_1588/gene_4069	2	interaction_vs_self	strong	down	MF	FALSE
GO:0018715	9-phenanthrol UDP-glucuronosyltransferase activity	2/350	19/4328	0.105263157894737	1.30165413533835	0.390834521712474	0.462127948417004	0.737019278611319	0.720196163593026	gene_1588/gene_4069	2	interaction_vs_self	strong	down	MF	FALSE
GO:0018716	1-phenanthrol glycosyltransferase activity	2/350	19/4328	0.105263157894737	1.30165413533835	0.390834521712474	0.462127948417004	0.737019278611319	0.720196163593026	gene_1588/gene_4069	2	interaction_vs_self	strong	down	MF	FALSE
GO:0018717	9-phenanthrol glycosyltransferase activity	2/350	19/4328	0.105263157894737	1.30165413533835	0.390834521712474	0.462127948417004	0.737019278611319	0.720196163593026	gene_1588/gene_4069	2	interaction_vs_self	strong	down	MF	FALSE
GO:0018718	1,2-dihydroxy-phenanthrene glycosyltransferase activity	2/350	19/4328	0.105263157894737	1.30165413533835	0.390834521712474	0.462127948417004	0.737019278611319	0.720196163593026	gene_1588/gene_4069	2	interaction_vs_self	strong	down	MF	FALSE
GO:0019112	phenanthrol glycosyltransferase activity	2/350	19/4328	0.105263157894737	1.30165413533835	0.390834521712474	0.462127948417004	0.737019278611319	0.720196163593026	gene_1588/gene_4069	2	interaction_vs_self	strong	down	MF	FALSE
GO:0019187	beta-1,4-mannosyltransferase activity	2/350	19/4328	0.105263157894737	1.30165413533835	0.390834521712474	0.462127948417004	0.737019278611319	0.720196163593026	gene_1588/gene_4069	2	interaction_vs_self	strong	down	MF	FALSE
GO:0031278	alpha-1,2-galactosyltransferase activity	2/350	19/4328	0.105263157894737	1.30165413533835	0.390834521712474	0.462127948417004	0.737019278611319	0.720196163593026	gene_1588/gene_4069	2	interaction_vs_self	strong	down	MF	FALSE
GO:0033556	dolichyl pyrophosphate Man7GlcNAc2 alpha-1,3-glucosyltransferase activity	2/350	19/4328	0.105263157894737	1.30165413533835	0.390834521712474	0.462127948417004	0.737019278611319	0.720196163593026	gene_1588/gene_4069	2	interaction_vs_self	strong	down	MF	FALSE
GO:0042281	dolichyl pyrophosphate Man9GlcNAc2 alpha-1,3-glucosyltransferase activity	2/350	19/4328	0.105263157894737	1.30165413533835	0.390834521712474	0.462127948417004	0.737019278611319	0.720196163593026	gene_1588/gene_4069	2	interaction_vs_self	strong	down	MF	FALSE
GO:0042283	dolichyl pyrophosphate Glc1Man9GlcNAc2 alpha-1,3-glucosyltransferase activity	2/350	19/4328	0.105263157894737	1.30165413533835	0.390834521712474	0.462127948417004	0.737019278611319	0.720196163593026	gene_1588/gene_4069	2	interaction_vs_self	strong	down	MF	FALSE
GO:0045140	inositol phosphoceramide synthase activity	2/350	19/4328	0.105263157894737	1.30165413533835	0.390834521712474	0.462127948417004	0.737019278611319	0.720196163593026	gene_1588/gene_4069	2	interaction_vs_self	strong	down	MF	FALSE
GO:0046527	glucosyltransferase activity	2/350	19/4328	0.105263157894737	1.30165413533835	0.390834521712474	0.462127948417004	0.737019278611319	0.720196163593026	gene_1588/gene_4069	2	interaction_vs_self	strong	down	MF	FALSE
GO:0046920	alpha(1,3)-fucosyltransferase activity	2/350	19/4328	0.105263157894737	1.30165413533835	0.390834521712474	0.462127948417004	0.737019278611319	0.720196163593026	gene_1588/gene_4069	2	interaction_vs_self	strong	down	MF	FALSE
GO:0046921	alpha(1,6)-fucosyltransferase activity	2/350	19/4328	0.105263157894737	1.30165413533835	0.390834521712474	0.462127948417004	0.737019278611319	0.720196163593026	gene_1588/gene_4069	2	interaction_vs_self	strong	down	MF	FALSE
GO:0004682	protein kinase CK2 activity	5/350	56/4328	0.0892857142857143	1.10408163265306	0.232513175745898	0.478101389270632	0.737019278611319	0.720196163593026	gene_1450/gene_3357/gene_4059/gene_4868/gene_6451	5	interaction_vs_self	strong	down	MF	FALSE
GO:0004518	nuclease activity	2/350	20/4328	0.1	1.23657142857143	0.314510046874127	0.489432444932886	0.737019278611319	0.720196163593026	gene_1179/gene_6225	2	interaction_vs_self	strong	down	MF	FALSE
GO:0004576	oligosaccharyl transferase activity	2/350	20/4328	0.1	1.23657142857143	0.314510046874127	0.489432444932886	0.737019278611319	0.720196163593026	gene_1588/gene_4069	2	interaction_vs_self	strong	down	MF	FALSE
GO:0016759	cellulose synthase activity	2/350	20/4328	0.1	1.23657142857143	0.314510046874127	0.489432444932886	0.737019278611319	0.720196163593026	gene_1588/gene_4069	2	interaction_vs_self	strong	down	MF	FALSE
GO:0016820	hydrolase activity, acting on acid anhydrides, catalyzing transmembrane movement of substances	2/350	20/4328	0.1	1.23657142857143	0.314510046874127	0.489432444932886	0.737019278611319	0.720196163593026	gene_2474/gene_5107	2	interaction_vs_self	strong	down	MF	FALSE
GO:0003684	damaged DNA binding	1/350	8/4328	0.125	1.54571428571429	0.45820890309301	0.490935620619601	0.737019278611319	0.720196163593026	gene_18	1	interaction_vs_self	strong	down	MF	FALSE
GO:0004029	aldehyde dehydrogenase (NAD) activity	1/350	8/4328	0.125	1.54571428571429	0.45820890309301	0.490935620619601	0.737019278611319	0.720196163593026	gene_8589	1	interaction_vs_self	strong	down	MF	FALSE
GO:0004727	prenylated protein tyrosine phosphatase activity	1/350	8/4328	0.125	1.54571428571429	0.45820890309301	0.490935620619601	0.737019278611319	0.720196163593026	gene_4130	1	interaction_vs_self	strong	down	MF	FALSE
GO:0016298	lipase activity	1/350	8/4328	0.125	1.54571428571429	0.45820890309301	0.490935620619601	0.737019278611319	0.720196163593026	gene_6795	1	interaction_vs_self	strong	down	MF	FALSE
GO:0016829	lyase activity	1/350	8/4328	0.125	1.54571428571429	0.45820890309301	0.490935620619601	0.737019278611319	0.720196163593026	gene_8034	1	interaction_vs_self	strong	down	MF	FALSE
GO:0016831	carboxy-lyase activity	1/350	8/4328	0.125	1.54571428571429	0.45820890309301	0.490935620619601	0.737019278611319	0.720196163593026	gene_7970	1	interaction_vs_self	strong	down	MF	FALSE
GO:0018731	1-oxa-2-oxocycloheptane lactonase activity	1/350	8/4328	0.125	1.54571428571429	0.45820890309301	0.490935620619601	0.737019278611319	0.720196163593026	gene_6795	1	interaction_vs_self	strong	down	MF	FALSE
GO:0018732	sulfolactone hydrolase activity	1/350	8/4328	0.125	1.54571428571429	0.45820890309301	0.490935620619601	0.737019278611319	0.720196163593026	gene_6795	1	interaction_vs_self	strong	down	MF	FALSE
GO:0018733	3,4-dihydrocoumarin hydrolase activity	1/350	8/4328	0.125	1.54571428571429	0.45820890309301	0.490935620619601	0.737019278611319	0.720196163593026	gene_6795	1	interaction_vs_self	strong	down	MF	FALSE
GO:0018734	butyrolactone hydrolase activity	1/350	8/4328	0.125	1.54571428571429	0.45820890309301	0.490935620619601	0.737019278611319	0.720196163593026	gene_6795	1	interaction_vs_self	strong	down	MF	FALSE
GO:0019131	tripeptidyl-peptidase I activity	1/350	8/4328	0.125	1.54571428571429	0.45820890309301	0.490935620619601	0.737019278611319	0.720196163593026	gene_4133	1	interaction_vs_self	strong	down	MF	FALSE
GO:0004022	alcohol dehydrogenase activity	1/350	9/4328	0.111111111111111	1.37396825396825	0.333088370352727	0.53217926246755	0.737019278611319	0.720196163593026	gene_1225	1	interaction_vs_self	strong	down	MF	FALSE
GO:0004023	alcohol dehydrogenase activity, metal ion-independent	1/350	9/4328	0.111111111111111	1.37396825396825	0.333088370352727	0.53217926246755	0.737019278611319	0.720196163593026	gene_1225	1	interaction_vs_self	strong	down	MF	FALSE
GO:0004024	alcohol dehydrogenase activity, zinc-dependent	1/350	9/4328	0.111111111111111	1.37396825396825	0.333088370352727	0.53217926246755	0.737019278611319	0.720196163593026	gene_1225	1	interaction_vs_self	strong	down	MF	FALSE
GO:0004025	alcohol dehydrogenase activity, iron-dependent	1/350	9/4328	0.111111111111111	1.37396825396825	0.333088370352727	0.53217926246755	0.737019278611319	0.720196163593026	gene_1225	1	interaction_vs_self	strong	down	MF	FALSE
GO:0004526	ribonuclease P activity	1/350	9/4328	0.111111111111111	1.37396825396825	0.333088370352727	0.53217926246755	0.737019278611319	0.720196163593026	gene_1201	1	interaction_vs_self	strong	down	MF	FALSE
GO:0004673	protein histidine kinase activity	1/350	9/4328	0.111111111111111	1.37396825396825	0.333088370352727	0.53217926246755	0.737019278611319	0.720196163593026	gene_5283	1	interaction_vs_self	strong	down	MF	FALSE
GO:0008484	sulfuric ester hydrolase activity	1/350	9/4328	0.111111111111111	1.37396825396825	0.333088370352727	0.53217926246755	0.737019278611319	0.720196163593026	gene_6673	1	interaction_vs_self	strong	down	MF	FALSE
GO:0018662	phenol 2-monooxygenase activity	1/350	9/4328	0.111111111111111	1.37396825396825	0.333088370352727	0.53217926246755	0.737019278611319	0.720196163593026	gene_7374	1	interaction_vs_self	strong	down	MF	FALSE
GO:0016810	hydrolase activity, acting on carbon-nitrogen (but not peptide) bonds	2/350	22/4328	0.0909090909090909	1.12415584415584	0.173155613390201	0.541351678899833	0.737019278611319	0.720196163593026	gene_665/gene_5516	2	interaction_vs_self	strong	down	MF	FALSE
GO:0019798	procollagen-proline dioxygenase activity	2/350	22/4328	0.0909090909090909	1.12415584415584	0.173155613390201	0.541351678899833	0.737019278611319	0.720196163593026	gene_5171/gene_7189	2	interaction_vs_self	strong	down	MF	FALSE
GO:0000030	mannosyltransferase activity	2/350	23/4328	0.0869565217391304	1.07527950310559	0.107361646764333	0.565906407498177	0.737019278611319	0.720196163593026	gene_1588/gene_4069	2	interaction_vs_self	strong	down	MF	FALSE
GO:0000155	two-component sensor activity	1/350	10/4328	0.1	1.23657142857143	0.222134520042126	0.57009018123031	0.737019278611319	0.720196163593026	gene_5283	1	interaction_vs_self	strong	down	MF	FALSE
GO:0000156	two-component response regulator activity	1/350	10/4328	0.1	1.23657142857143	0.222134520042126	0.57009018123031	0.737019278611319	0.720196163593026	gene_5283	1	interaction_vs_self	strong	down	MF	FALSE
GO:0004033	aldo-keto reductase activity	1/350	10/4328	0.1	1.23657142857143	0.222134520042126	0.57009018123031	0.737019278611319	0.720196163593026	gene_972	1	interaction_vs_self	strong	down	MF	FALSE
GO:0004495	mevaldate reductase activity	1/350	10/4328	0.1	1.23657142857143	0.222134520042126	0.57009018123031	0.737019278611319	0.720196163593026	gene_972	1	interaction_vs_self	strong	down	MF	FALSE
GO:0004519	endonuclease activity	1/350	10/4328	0.1	1.23657142857143	0.222134520042126	0.57009018123031	0.737019278611319	0.720196163593026	gene_6225	1	interaction_vs_self	strong	down	MF	FALSE
GO:0004620	phospholipase activity	1/350	10/4328	0.1	1.23657142857143	0.222134520042126	0.57009018123031	0.737019278611319	0.720196163593026	gene_6795	1	interaction_vs_self	strong	down	MF	FALSE
GO:0016229	steroid dehydrogenase activity	1/350	10/4328	0.1	1.23657142857143	0.222134520042126	0.57009018123031	0.737019278611319	0.720196163593026	gene_972	1	interaction_vs_self	strong	down	MF	FALSE
GO:0018451	epoxide dehydrogenase activity	1/350	10/4328	0.1	1.23657142857143	0.222134520042126	0.57009018123031	0.737019278611319	0.720196163593026	gene_972	1	interaction_vs_self	strong	down	MF	FALSE
GO:0018452	5-exo-hydroxycamphor dehydrogenase activity	1/350	10/4328	0.1	1.23657142857143	0.222134520042126	0.57009018123031	0.737019278611319	0.720196163593026	gene_972	1	interaction_vs_self	strong	down	MF	FALSE
GO:0018453	2-hydroxytetrahydrofuran dehydrogenase activity	1/350	10/4328	0.1	1.23657142857143	0.222134520042126	0.57009018123031	0.737019278611319	0.720196163593026	gene_972	1	interaction_vs_self	strong	down	MF	FALSE
GO:0032442	phenylcoumaran benzylic ether reductase activity	1/350	10/4328	0.1	1.23657142857143	0.222134520042126	0.57009018123031	0.737019278611319	0.720196163593026	gene_972	1	interaction_vs_self	strong	down	MF	FALSE
GO:0033764	steroid dehydrogenase activity, acting on the CH-OH group of donors, NAD or NADP as acceptor	1/350	10/4328	0.1	1.23657142857143	0.222134520042126	0.57009018123031	0.737019278611319	0.720196163593026	gene_972	1	interaction_vs_self	strong	down	MF	FALSE
GO:0033765	steroid dehydrogenase activity, acting on the CH-CH group of donors	1/350	10/4328	0.1	1.23657142857143	0.222134520042126	0.57009018123031	0.737019278611319	0.720196163593026	gene_972	1	interaction_vs_self	strong	down	MF	FALSE
GO:0043713	(R)-2-hydroxyisocaproate dehydrogenase activity	1/350	10/4328	0.1	1.23657142857143	0.222134520042126	0.57009018123031	0.737019278611319	0.720196163593026	gene_972	1	interaction_vs_self	strong	down	MF	FALSE
GO:0048258	3-ketoglucose-reductase activity	1/350	10/4328	0.1	1.23657142857143	0.222134520042126	0.57009018123031	0.737019278611319	0.720196163593026	gene_972	1	interaction_vs_self	strong	down	MF	FALSE
GO:0000253	3-keto sterol reductase activity	1/350	11/4328	0.0909090909090909	1.12415584415584	0.122283416971314	0.604936970616459	0.737019278611319	0.720196163593026	gene_972	1	interaction_vs_self	strong	down	MF	FALSE
GO:0003995	acyl-CoA dehydrogenase activity	1/350	11/4328	0.0909090909090909	1.12415584415584	0.122283416971314	0.604936970616459	0.737019278611319	0.720196163593026	gene_3558	1	interaction_vs_self	strong	down	MF	FALSE
GO:0004004	ATP-dependent RNA helicase activity	1/350	11/4328	0.0909090909090909	1.12415584415584	0.122283416971314	0.604936970616459	0.737019278611319	0.720196163593026	gene_2392	1	interaction_vs_self	strong	down	MF	FALSE
GO:0004675	transmembrane receptor protein serine/threonine kinase activity	1/350	11/4328	0.0909090909090909	1.12415584415584	0.122283416971314	0.604936970616459	0.737019278611319	0.720196163593026	gene_6011	1	interaction_vs_self	strong	down	MF	FALSE
GO:0004676	3-phosphoinositide-dependent protein kinase activity	1/350	11/4328	0.0909090909090909	1.12415584415584	0.122283416971314	0.604936970616459	0.737019278611319	0.720196163593026	gene_6011	1	interaction_vs_self	strong	down	MF	FALSE
GO:0004677	DNA-dependent protein kinase activity	1/350	11/4328	0.0909090909090909	1.12415584415584	0.122283416971314	0.604936970616459	0.737019278611319	0.720196163593026	gene_6011	1	interaction_vs_self	strong	down	MF	FALSE
GO:0004679	AMP-activated protein kinase activity	1/350	11/4328	0.0909090909090909	1.12415584415584	0.122283416971314	0.604936970616459	0.737019278611319	0.720196163593026	gene_6011	1	interaction_vs_self	strong	down	MF	FALSE
GO:0004680	casein kinase activity	1/350	11/4328	0.0909090909090909	1.12415584415584	0.122283416971314	0.604936970616459	0.737019278611319	0.720196163593026	gene_6011	1	interaction_vs_self	strong	down	MF	FALSE
GO:0004681	casein kinase I activity	1/350	11/4328	0.0909090909090909	1.12415584415584	0.122283416971314	0.604936970616459	0.737019278611319	0.720196163593026	gene_6011	1	interaction_vs_self	strong	down	MF	FALSE
GO:0004690	cyclic nucleotide-dependent protein kinase activity	1/350	11/4328	0.0909090909090909	1.12415584415584	0.122283416971314	0.604936970616459	0.737019278611319	0.720196163593026	gene_6011	1	interaction_vs_self	strong	down	MF	FALSE
GO:0004694	eukaryotic translation initiation factor 2alpha kinase activity	1/350	11/4328	0.0909090909090909	1.12415584415584	0.122283416971314	0.604936970616459	0.737019278611319	0.720196163593026	gene_6011	1	interaction_vs_self	strong	down	MF	FALSE
GO:0004695	galactosyltransferase-associated kinase activity	1/350	11/4328	0.0909090909090909	1.12415584415584	0.122283416971314	0.604936970616459	0.737019278611319	0.720196163593026	gene_6011	1	interaction_vs_self	strong	down	MF	FALSE
GO:0004696	glycogen synthase kinase 3 activity	1/350	11/4328	0.0909090909090909	1.12415584415584	0.122283416971314	0.604936970616459	0.737019278611319	0.720196163593026	gene_6011	1	interaction_vs_self	strong	down	MF	FALSE
GO:0004700	atypical protein kinase C activity	1/350	11/4328	0.0909090909090909	1.12415584415584	0.122283416971314	0.604936970616459	0.737019278611319	0.720196163593026	gene_6011	1	interaction_vs_self	strong	down	MF	FALSE
GO:0004702	receptor signaling protein serine/threonine kinase activity	1/350	11/4328	0.0909090909090909	1.12415584415584	0.122283416971314	0.604936970616459	0.737019278611319	0.720196163593026	gene_6011	1	interaction_vs_self	strong	down	MF	FALSE
GO:0004704	NF-kappaB-inducing kinase activity	1/350	11/4328	0.0909090909090909	1.12415584415584	0.122283416971314	0.604936970616459	0.737019278611319	0.720196163593026	gene_6011	1	interaction_vs_self	strong	down	MF	FALSE
GO:0004705	JUN kinase activity	1/350	11/4328	0.0909090909090909	1.12415584415584	0.122283416971314	0.604936970616459	0.737019278611319	0.720196163593026	gene_6011	1	interaction_vs_self	strong	down	MF	FALSE
GO:0004706	JUN kinase kinase kinase activity	1/350	11/4328	0.0909090909090909	1.12415584415584	0.122283416971314	0.604936970616459	0.737019278611319	0.720196163593026	gene_6011	1	interaction_vs_self	strong	down	MF	FALSE
GO:0004708	MAP kinase kinase activity	1/350	11/4328	0.0909090909090909	1.12415584415584	0.122283416971314	0.604936970616459	0.737019278611319	0.720196163593026	gene_6011	1	interaction_vs_self	strong	down	MF	FALSE
GO:0004710	MAP/ERK kinase kinase activity	1/350	11/4328	0.0909090909090909	1.12415584415584	0.122283416971314	0.604936970616459	0.737019278611319	0.720196163593026	gene_6011	1	interaction_vs_self	strong	down	MF	FALSE
GO:0004711	ribosomal protein S6 kinase activity	1/350	11/4328	0.0909090909090909	1.12415584415584	0.122283416971314	0.604936970616459	0.737019278611319	0.720196163593026	gene_6011	1	interaction_vs_self	strong	down	MF	FALSE
GO:0004718	Janus kinase activity	1/350	11/4328	0.0909090909090909	1.12415584415584	0.122283416971314	0.604936970616459	0.737019278611319	0.720196163593026	gene_6011	1	interaction_vs_self	strong	down	MF	FALSE
GO:0008186	RNA-dependent ATPase activity	1/350	11/4328	0.0909090909090909	1.12415584415584	0.122283416971314	0.604936970616459	0.737019278611319	0.720196163593026	gene_2392	1	interaction_vs_self	strong	down	MF	FALSE
GO:0008235	metalloexopeptidase activity	1/350	11/4328	0.0909090909090909	1.12415584415584	0.122283416971314	0.604936970616459	0.737019278611319	0.720196163593026	gene_7475	1	interaction_vs_self	strong	down	MF	FALSE
GO:0008338	MAP kinase 1 activity	1/350	11/4328	0.0909090909090909	1.12415584415584	0.122283416971314	0.604936970616459	0.737019278611319	0.720196163593026	gene_6011	1	interaction_vs_self	strong	down	MF	FALSE
GO:0008339	MP kinase activity	1/350	11/4328	0.0909090909090909	1.12415584415584	0.122283416971314	0.604936970616459	0.737019278611319	0.720196163593026	gene_6011	1	interaction_vs_self	strong	down	MF	FALSE
GO:0008349	MAP kinase kinase kinase kinase activity	1/350	11/4328	0.0909090909090909	1.12415584415584	0.122283416971314	0.604936970616459	0.737019278611319	0.720196163593026	gene_6011	1	interaction_vs_self	strong	down	MF	FALSE
GO:0008545	JUN kinase kinase activity	1/350	11/4328	0.0909090909090909	1.12415584415584	0.122283416971314	0.604936970616459	0.737019278611319	0.720196163593026	gene_6011	1	interaction_vs_self	strong	down	MF	FALSE
GO:0015462	protein-transmembrane transporting ATPase activity	1/350	11/4328	0.0909090909090909	1.12415584415584	0.122283416971314	0.604936970616459	0.737019278611319	0.720196163593026	gene_2392	1	interaction_vs_self	strong	down	MF	FALSE
GO:0016301	kinase activity	1/350	11/4328	0.0909090909090909	1.12415584415584	0.122283416971314	0.604936970616459	0.737019278611319	0.720196163593026	gene_2401	1	interaction_vs_self	strong	down	MF	FALSE
GO:0016908	MAP kinase 2 activity	1/350	11/4328	0.0909090909090909	1.12415584415584	0.122283416971314	0.604936970616459	0.737019278611319	0.720196163593026	gene_6011	1	interaction_vs_self	strong	down	MF	FALSE
GO:0016909	SAP kinase activity	1/350	11/4328	0.0909090909090909	1.12415584415584	0.122283416971314	0.604936970616459	0.737019278611319	0.720196163593026	gene_6011	1	interaction_vs_self	strong	down	MF	FALSE
GO:0017116	single-stranded DNA-dependent ATP-dependent DNA helicase activity	1/350	11/4328	0.0909090909090909	1.12415584415584	0.122283416971314	0.604936970616459	0.737019278611319	0.720196163593026	gene_2392	1	interaction_vs_self	strong	down	MF	FALSE
GO:0019199	transmembrane receptor protein kinase activity	1/350	11/4328	0.0909090909090909	1.12415584415584	0.122283416971314	0.604936970616459	0.737019278611319	0.720196163593026	gene_6011	1	interaction_vs_self	strong	down	MF	FALSE
GO:0019912	cyclin-dependent protein kinase activating kinase activity	1/350	11/4328	0.0909090909090909	1.12415584415584	0.122283416971314	0.604936970616459	0.737019278611319	0.720196163593026	gene_6011	1	interaction_vs_self	strong	down	MF	FALSE
GO:0034211	GTP-dependent protein kinase activity	1/350	11/4328	0.0909090909090909	1.12415584415584	0.122283416971314	0.604936970616459	0.737019278611319	0.720196163593026	gene_6011	1	interaction_vs_self	strong	down	MF	FALSE
GO:0042623	ATPase activity, coupled	1/350	11/4328	0.0909090909090909	1.12415584415584	0.122283416971314	0.604936970616459	0.737019278611319	0.720196163593026	gene_2392	1	interaction_vs_self	strong	down	MF	FALSE
GO:0042624	ATPase activity, uncoupled	1/350	11/4328	0.0909090909090909	1.12415584415584	0.122283416971314	0.604936970616459	0.737019278611319	0.720196163593026	gene_2392	1	interaction_vs_self	strong	down	MF	FALSE
GO:0042625	ATPase activity, coupled to transmembrane movement of ions	1/350	11/4328	0.0909090909090909	1.12415584415584	0.122283416971314	0.604936970616459	0.737019278611319	0.720196163593026	gene_2392	1	interaction_vs_self	strong	down	MF	FALSE
GO:0051990	(R)-2-hydroxyglutarate dehydrogenase activity	1/350	11/4328	0.0909090909090909	1.12415584415584	0.122283416971314	0.604936970616459	0.737019278611319	0.720196163593026	gene_972	1	interaction_vs_self	strong	down	MF	FALSE
GO:0050660	FAD binding	6/350	78/4328	0.0769230769230769	0.951208791208791	-0.128970235985124	0.612574369200599	0.743079343508553	0.726117902164554	gene_3223/gene_4698/gene_4913/gene_5980/gene_6267/gene_7219	6	interaction_vs_self	strong	down	MF	FALSE
GO:0000252	C-3 sterol dehydrogenase (C-4 sterol decarboxylase) activity	1/350	12/4328	0.0833333333333333	1.03047619047619	0.0313549176614866	0.636966634800901	0.746163056926183	0.729131227103873	gene_972	1	interaction_vs_self	strong	down	MF	FALSE
GO:0004568	chitinase activity	1/350	12/4328	0.0833333333333333	1.03047619047619	0.0313549176614866	0.636966634800901	0.746163056926183	0.729131227103873	gene_7391	1	interaction_vs_self	strong	down	MF	FALSE
GO:0004698	calcium-dependent protein kinase C activity	1/350	12/4328	0.0833333333333333	1.03047619047619	0.0313549176614866	0.636966634800901	0.746163056926183	0.729131227103873	gene_6011	1	interaction_vs_self	strong	down	MF	FALSE
GO:0008138	protein tyrosine/serine/threonine phosphatase activity	1/350	12/4328	0.0833333333333333	1.03047619047619	0.0313549176614866	0.636966634800901	0.746163056926183	0.729131227103873	gene_1646	1	interaction_vs_self	strong	down	MF	FALSE
GO:0008843	endochitinase activity	1/350	12/4328	0.0833333333333333	1.03047619047619	0.0313549176614866	0.636966634800901	0.746163056926183	0.729131227103873	gene_7391	1	interaction_vs_self	strong	down	MF	FALSE
GO:0008875	gluconate dehydrogenase activity	1/350	12/4328	0.0833333333333333	1.03047619047619	0.0313549176614866	0.636966634800901	0.746163056926183	0.729131227103873	gene_972	1	interaction_vs_self	strong	down	MF	FALSE
GO:0016772	transferase activity, transferring phosphorus-containing groups	1/350	12/4328	0.0833333333333333	1.03047619047619	0.0313549176614866	0.636966634800901	0.746163056926183	0.729131227103873	gene_5283	1	interaction_vs_self	strong	down	MF	FALSE
GO:0018667	cyclohexanone monooxygenase activity	1/350	12/4328	0.0833333333333333	1.03047619047619	0.0313549176614866	0.636966634800901	0.746163056926183	0.729131227103873	gene_4967	1	interaction_vs_self	strong	down	MF	FALSE
GO:0046872	metal ion binding	3/350	40/4328	0.075	0.927428571428571	-0.136761343958192	0.639186274571175	0.746163056926183	0.729131227103873	gene_1225/gene_2474/gene_4522	3	interaction_vs_self	strong	down	MF	FALSE
GO:0004040	amidase activity	1/350	13/4328	0.0769230769230769	0.951208791208791	-0.0522538066913864	0.666406319189151	0.765133181291247	0.747668341650379	gene_5515	1	interaction_vs_self	strong	down	MF	FALSE
GO:0004190	aspartic-type endopeptidase activity	1/350	13/4328	0.0769230769230769	0.951208791208791	-0.0522538066913864	0.666406319189151	0.765133181291247	0.747668341650379	gene_3931	1	interaction_vs_self	strong	down	MF	FALSE
GO:0004448	isocitrate dehydrogenase activity	1/350	13/4328	0.0769230769230769	0.951208791208791	-0.0522538066913864	0.666406319189151	0.765133181291247	0.747668341650379	gene_972	1	interaction_vs_self	strong	down	MF	FALSE
GO:0016788	hydrolase activity, acting on ester bonds	1/350	13/4328	0.0769230769230769	0.951208791208791	-0.0522538066913864	0.666406319189151	0.765133181291247	0.747668341650379	gene_2448	1	interaction_vs_self	strong	down	MF	FALSE
GO:0046873	metal ion transmembrane transporter activity	1/350	15/4328	0.0666666666666667	0.824380952380952	-0.202079658126453	0.718334463305967	0.821374242878544	0.802625651407443	gene_5185	1	interaction_vs_self	strong	down	MF	FALSE
GO:0010181	FMN binding	2/350	31/4328	0.0645161290322581	0.79778801843318	-0.335119836532598	0.728103523607862	0.829146461577933	0.810220462360629	gene_1248/gene_5650	2	interaction_vs_self	strong	down	MF	FALSE
GO:0004003	ATP-dependent DNA helicase activity	1/350	16/4328	0.0625	0.772857142857143	-0.269969548318345	0.741191624873996	0.837216450768603	0.818106246931025	gene_2392	1	interaction_vs_self	strong	down	MF	FALSE
GO:0034061	DNA polymerase activity	1/350	16/4328	0.0625	0.772857142857143	-0.269969548318345	0.741191624873996	0.837216450768603	0.818106246931025	gene_6064	1	interaction_vs_self	strong	down	MF	FALSE
GO:0000287	magnesium ion binding	1/350	17/4328	0.0588235294117647	0.727394957983193	-0.334013802649111	0.762198798179679	0.850613858768521	0.831197847278049	gene_7970	1	interaction_vs_self	strong	down	MF	FALSE
GO:0004221	ubiquitin thiolesterase activity	1/350	17/4328	0.0588235294117647	0.727394957983193	-0.334013802649111	0.762198798179679	0.850613858768521	0.831197847278049	gene_337	1	interaction_vs_self	strong	down	MF	FALSE
GO:0018658	salicylate 1-monooxygenase activity	1/350	17/4328	0.0588235294117647	0.727394957983193	-0.334013802649111	0.762198798179679	0.850613858768521	0.831197847278049	gene_8587	1	interaction_vs_self	strong	down	MF	FALSE
GO:0004194	pepsin A activity	1/350	18/4328	0.0555555555555556	0.686984126984127	-0.394692668177218	0.781505321175993	0.861818120980641	0.842146362324037	gene_3931	1	interaction_vs_self	strong	down	MF	FALSE
GO:0008094	DNA-dependent ATPase activity	1/350	18/4328	0.0555555555555556	0.686984126984127	-0.394692668177218	0.781505321175993	0.861818120980641	0.842146362324037	gene_2392	1	interaction_vs_self	strong	down	MF	FALSE
GO:0008236	serine-type peptidase activity	1/350	18/4328	0.0555555555555556	0.686984126984127	-0.394692668177218	0.781505321175993	0.861818120980641	0.842146362324037	gene_4133	1	interaction_vs_self	strong	down	MF	FALSE
GO:0000907	sulfonate dioxygenase activity	1/350	19/4328	0.0526315789473684	0.650827067669173	-0.45240167468413	0.799248508551493	0.867666668816601	0.847861411897754	gene_7189	1	interaction_vs_self	strong	down	MF	FALSE
GO:0010302	2-oxoglutarate-dependent dioxygenase activity	1/350	19/4328	0.0526315789473684	0.650827067669173	-0.45240167468413	0.799248508551493	0.867666668816601	0.847861411897754	gene_7189	1	interaction_vs_self	strong	down	MF	FALSE
GO:0018602	2,4-dichlorophenoxyacetate alpha-ketoglutarate dioxygenase activity	1/350	19/4328	0.0526315789473684	0.650827067669173	-0.45240167468413	0.799248508551493	0.867666668816601	0.847861411897754	gene_7189	1	interaction_vs_self	strong	down	MF	FALSE
GO:0043734	DNA-N1-methyladenine dioxygenase activity	1/350	19/4328	0.0526315789473684	0.650827067669173	-0.45240167468413	0.799248508551493	0.867666668816601	0.847861411897754	gene_7189	1	interaction_vs_self	strong	down	MF	FALSE
GO:0016884	carbon-nitrogen ligase activity, with glutamine as amido-N-donor	1/350	20/4328	0.05	0.618285714285714	-0.507470317178543	0.815554617162998	0.881936969722777	0.861805980600639	gene_5515	1	interaction_vs_self	strong	down	MF	FALSE
GO:0003887	DNA-directed DNA polymerase activity	1/350	22/4328	0.0454545454545455	0.562077922077922	-0.610753899949538	0.844310593926966	0.90875793832212	0.888014736938046	gene_6064	1	interaction_vs_self	strong	down	MF	FALSE
GO:0004672	protein kinase activity	7/350	117/4328	0.0598290598290598	0.73982905982906	-0.846163284057577	0.846871197002692	0.90875793832212	0.888014736938046	gene_3357/gene_3990/gene_4059/gene_4868/gene_6011/gene_6451/gene_6558	7	interaction_vs_self	strong	down	MF	FALSE
GO:0030528	transcription regulator activity	1/350	24/4328	0.0416666666666667	0.515238095238095	-0.706306256338881	0.868594164659605	0.924953328015381	0.903840452578697	gene_2064	1	interaction_vs_self	strong	down	MF	FALSE
GO:0046914	transition metal ion binding	1/350	24/4328	0.0416666666666667	0.515238095238095	-0.706306256338881	0.868594164659605	0.924953328015381	0.903840452578697	gene_845	1	interaction_vs_self	strong	down	MF	FALSE
GO:0003723	RNA binding	4/350	76/4328	0.0526315789473684	0.650827067669173	-0.910847810476532	0.874371705212371	0.927565421118827	0.906392922353429	gene_1201/gene_2412/gene_2972/gene_7636	4	interaction_vs_self	strong	down	MF	FALSE
GO:0004674	protein serine/threonine kinase activity	6/350	108/4328	0.0555555555555556	0.686984126984127	-0.97705068555073	0.880808079912777	0.930853993544185	0.909606430212956	gene_3357/gene_3990/gene_4059/gene_4868/gene_6011/gene_6451	6	interaction_vs_self	strong	down	MF	FALSE
GO:0003899	DNA-directed RNA polymerase activity	1/350	29/4328	0.0344827586206897	0.4264039408867	-0.919213757471104	0.914029930270598	0.962318303945271	0.940352539980476	gene_2305	1	interaction_vs_self	strong	down	MF	FALSE
GO:0008080	N-acetyltransferase activity	1/350	32/4328	0.03125	0.386428571428571	-1.03324440282131	0.933368517950374	0.978324401868977	0.955993284603151	gene_6988	1	interaction_vs_self	strong	down	MF	FALSE
GO:0043565	sequence-specific DNA binding	2/350	53/4328	0.0377358490566038	0.466630727762803	-1.15875853954618	0.936245932971387	0.978324401868977	0.955993284603151	gene_136/gene_846	2	interaction_vs_self	strong	down	MF	FALSE
GO:0017111	nucleoside-triphosphatase activity	4/350	90/4328	0.0444444444444444	0.549587301587302	-1.28069727342862	0.941194496944164	0.979825614356051	0.957460230591274	gene_175/gene_711/gene_1755/gene_2392	4	interaction_vs_self	strong	down	MF	FALSE
GO:0004842	ubiquitin-protein ligase activity	3/350	76/4328	0.0394736842105263	0.48812030075188	-1.33528249218868	0.95237607492555	0.984328680748184	0.961860510521711	gene_650/gene_5126/gene_7045	3	interaction_vs_self	strong	down	MF	FALSE
GO:0046983	protein dimerization activity	1/350	36/4328	0.0277777777777778	0.343492063492063	-1.17315786021934	0.952576142659532	0.984328680748184	0.961860510521711	gene_136	1	interaction_vs_self	strong	down	MF	FALSE
GO:0004386	helicase activity	2/350	69/4328	0.0289855072463768	0.358426501035197	-1.59335380661931	0.979675637852138	0.999999925686845	0.977174045474035	gene_2518/gene_2972	2	interaction_vs_self	strong	down	MF	FALSE
GO:0016787	hydrolase activity	5/350	129/4328	0.0387596899224806	0.479291251384275	-1.78078657395083	0.982851117723492	0.999999925686845	0.977174045474035	gene_2972/gene_4323/gene_4697/gene_5351/gene_6795	5	interaction_vs_self	strong	down	MF	FALSE
GO:0003676	nucleic acid binding	16/350	311/4328	0.0514469453376206	0.636178226917777	-1.97520895135688	0.985768891579156	0.999999925686845	0.977174045474035	gene_608/gene_696/gene_751/gene_2518/gene_2547/gene_2557/gene_2972/gene_3444/gene_3464/gene_3921/gene_4390/gene_5091/gene_5600/gene_6128/gene_6648/gene_7360	16	interaction_vs_self	strong	down	MF	FALSE
GO:0000166	nucleotide binding	5/350	138/4328	0.036231884057971	0.448033126293996	-1.95452228457161	0.989901117488002	0.999999925686845	0.977174045474035	gene_18/gene_175/gene_711/gene_1755/gene_2392	5	interaction_vs_self	strong	down	MF	FALSE
GO:0008026	ATP-dependent helicase activity	1/350	58/4328	0.0172413793103448	0.21320197044335	-1.78919799678733	0.992736160811407	0.999999925686845	0.977174045474035	gene_2392	1	interaction_vs_self	strong	down	MF	FALSE
GO:0005488	binding	5/350	167/4328	0.029940119760479	0.370230966638152	-2.46170359568968	0.998339297774008	0.999999925686845	0.977174045474035	gene_407/gene_525/gene_6041/gene_7420/gene_7636	5	interaction_vs_self	strong	down	MF	FALSE
GO:0005524	ATP binding	23/350	471/4328	0.0488322717622081	0.603845920533819	-2.70112602322281	0.998450477542931	0.999999925686845	0.977174045474035	gene_175/gene_711/gene_1755/gene_1874/gene_2392/gene_2401/gene_2474/gene_2518/gene_2972/gene_3357/gene_3365/gene_3990/gene_4059/gene_4390/gene_4416/gene_4868/gene_5107/gene_5283/gene_6011/gene_6451/gene_6558/gene_6650/gene_7350	23	interaction_vs_self	strong	down	MF	FALSE
GO:0005525	GTP binding	1/350	87/4328	0.0114942528735632	0.142134646962233	-2.39739557067758	0.999396955120042	0.999999925686845	0.977174045474035	gene_5463	1	interaction_vs_self	strong	down	MF	FALSE
GO:0005515	protein binding	2/350	225/4328	0.00888888888888889	0.10991746031746	-4.06692218383782	0.999999925686845	0.999999925686845	0.977174045474035	gene_2412/gene_4414	2	interaction_vs_self	strong	down	MF	FALSE
