gene_id	contrast	baseMean	log2FoldChange	lfcSE	stat	pvalue	padj	mrna_id	signalp_prediction	signalp_is_sp	signalp_other_score	signalp_sp_score	signalp_cs_position	dbcan_any_hit	dbcan_high_confidence	dbcan_n_tools	dbcan_ec	dbcan_hmm	dbcan_sub	dbcan_diamond	dbcan_recommended	dbcan_substrate	de_significant_padj_lt_0.05	de_strong_padj_lt_0.05_abs_log2fc_gt_1	de_direction	signalp_positive_candidate	significant_signalp_candidate	strong_signalp_candidate
gene_4899	interaction_vs_onu	11339.2835033494	1.48446579694794	0.0520258486917186	28.5332355795713	4.53524847467835e-179	1.68790117144551e-176	mRNA_4899	SP	TRUE	0.000503	0.999470	CS pos: 18-19. Pr: 0.9737	FALSE	FALSE	0	-	-	-	-	-	-	TRUE	TRUE	up	TRUE	TRUE	TRUE
gene_1970	interaction_vs_onu	582.67167028229	2.83540589779548	0.102011564639535	27.7949456790961	4.99295227449059e-170	1.70958685878558e-167	mRNA_1970	SP	TRUE	0.000199	0.999776	CS pos: 23-24. Pr: 0.9776	TRUE	FALSE	1	-	-	-	AA7	-	-	TRUE	TRUE	up	TRUE	TRUE	TRUE
gene_7428	interaction_vs_onu	583.887674460287	2.68569399689169	0.120058407939152	22.3698951451434	7.73182565903641e-111	1.12176996002291e-108	mRNA_7428	SP	TRUE	0.000259	0.999730	CS pos: 22-23. Pr: 0.9683	FALSE	FALSE	0	-	-	-	-	-	-	TRUE	TRUE	up	TRUE	TRUE	TRUE
gene_4965	interaction_vs_onu	720.239765753949	1.97103446830463	0.0917964603671792	21.471791618333	2.8578598615272e-102	3.65123588278699e-100	mRNA_4965	SP	TRUE	0.118394	0.881571	CS pos: 22-23. Pr: 0.5560	TRUE	FALSE	1	-	-	-	CBM50+CBM50+CBM50	-	-	TRUE	TRUE	up	TRUE	TRUE	TRUE
gene_2318	interaction_vs_onu	7986.01594693916	1.46799092869317	0.0714938071891899	20.5331200898073	1.08949558684178e-93	1.18051673713489e-91	mRNA_2318	SP	TRUE	0.000205	0.999738	CS pos: 20-21. Pr: 0.9784	TRUE	TRUE	3	-	GH17(72-302)	GH17_e7(72-313)	GH17	GH17_e7	-	TRUE	TRUE	up	TRUE	TRUE	TRUE
gene_1516	interaction_vs_onu	8225.04538804096	1.44264233331802	0.0739492997768896	19.5085327064702	9.29108110660577e-85	9.24786677587738e-83	mRNA_1516	SP	TRUE	0.000401	0.999565	CS pos: 19-20. Pr: 0.9757	FALSE	FALSE	0	-	-	-	-	-	-	TRUE	TRUE	up	TRUE	TRUE	TRUE
gene_6022	interaction_vs_onu	964.993399145179	2.10727441016777	0.109222541481734	19.2934020906315	6.10224910813268e-83	5.80391692951286e-81	mRNA_6022	SP	TRUE	0.000262	0.999720	CS pos: 20-21. Pr: 0.9743	FALSE	FALSE	0	-	-	-	-	-	-	TRUE	TRUE	up	TRUE	TRUE	TRUE
gene_892	interaction_vs_onu	1704.27434134779	1.55844865515204	0.0819540794960987	19.016120548657	1.25428053724629e-80	1.14219589349237e-78	mRNA_892	SP	TRUE	0.001649	0.998323	CS pos: 25-26. Pr: 0.9462	FALSE	FALSE	0	-	-	-	-	-	-	TRUE	TRUE	up	TRUE	TRUE	TRUE
gene_2006	interaction_vs_onu	345.454325747584	2.34954021211651	0.12377992418793	18.9815935623721	2.42139251701819e-80	2.18180209954481e-78	mRNA_2006	SP	TRUE	0.000242	0.999739	CS pos: 15-16. Pr: 0.9684	FALSE	FALSE	0	-	-	-	-	-	-	TRUE	TRUE	up	TRUE	TRUE	TRUE
gene_6102	interaction_vs_onu	444.205200007386	1.76850568094743	0.100766860308901	17.550469226947	5.899064147564e-69	4.4294727283463e-67	mRNA_6102	SP	TRUE	0.000252	0.999704	CS pos: 18-19. Pr: 0.9690	FALSE	FALSE	0	-	-	-	-	-	-	TRUE	TRUE	up	TRUE	TRUE	TRUE
gene_3136	interaction_vs_onu	972.034029038747	1.55746652901596	0.0893082738022183	17.4392188171179	4.15717336627753e-68	3.04148752267826e-66	mRNA_3136	SP	TRUE	0.000432	0.999560	CS pos: 18-19. Pr: 0.9757	FALSE	FALSE	0	-	-	-	-	-	-	TRUE	TRUE	up	TRUE	TRUE	TRUE
gene_6610	interaction_vs_onu	3143.83033228001	1.26434132415184	0.0731551039370083	17.2830227299046	6.31499915060323e-67	4.4674704734846e-65	mRNA_6610	SP	TRUE	0.000224	0.999758	CS pos: 21-22. Pr: 0.9656	FALSE	FALSE	0	-	-	-	-	-	-	TRUE	TRUE	up	TRUE	TRUE	TRUE
gene_4908	interaction_vs_onu	306.831807762808	2.91453744696945	0.172671385638433	16.8790991987078	6.41156839928281e-64	4.12654327051585e-62	mRNA_4908	SP	TRUE	0.000289	0.999692	CS pos: 18-19. Pr: 0.9717	TRUE	FALSE	1	-	-	-	GT71	-	-	TRUE	TRUE	up	TRUE	TRUE	TRUE
gene_8014	interaction_vs_onu	943.614901632366	1.59611359465344	0.0950180452923778	16.7980049446615	2.52391497366629e-63	1.57698629011558e-61	mRNA_8014	SP	TRUE	0.001191	0.998790	CS pos: 17-18. Pr: 0.9536	TRUE	FALSE	1	-	-	-	GT0	-	-	TRUE	TRUE	up	TRUE	TRUE	TRUE
gene_8320	interaction_vs_onu	283.096359523236	3.00906955098971	0.181414224617679	16.586734349697	8.69197903066266e-62	5.23967186637129e-60	mRNA_8320	SP	TRUE	0.000236	0.999729	CS pos: 29-30. Pr: 0.6709	FALSE	FALSE	0	-	-	-	-	-	-	TRUE	TRUE	up	TRUE	TRUE	TRUE
gene_6562	interaction_vs_onu	4750.87279296434	1.11292135270807	0.068161464966776	16.3277205566304	6.26829353335589e-60	3.62544544902205e-58	mRNA_6562	SP	TRUE	0.000783	0.999193	CS pos: 33-34. Pr: 0.4477	TRUE	TRUE	3	2.4.1.-:26	GH72(35-334)	GH72_e0(38-334)	GH72	GH72_e0	beta-glucan	TRUE	TRUE	up	TRUE	TRUE	TRUE
gene_1490	interaction_vs_onu	3086.08118042237	1.0494042614341	0.0645893415464231	16.2473286816192	2.33311195487079e-59	1.34036498883852e-57	mRNA_1490	SP	TRUE	0.406157	0.593834	CS pos: 18-19. Pr: 0.5336	FALSE	FALSE	0	-	-	-	-	-	-	TRUE	TRUE	up	TRUE	TRUE	TRUE
gene_107	interaction_vs_onu	43463.7313789275	1.20315716414107	0.0757295869472144	15.8875442563776	7.72969206096241e-57	4.21440535298333e-55	mRNA_107	SP	TRUE	0.000212	0.999757	CS pos: 24-25. Pr: 0.9591	FALSE	FALSE	0	-	-	-	-	-	-	TRUE	TRUE	up	TRUE	TRUE	TRUE
gene_4292	interaction_vs_onu	6595.90068100259	1.44490245774078	0.0918055554587543	15.7387257287489	8.20799538137093e-56	4.41611047729105e-54	mRNA_4292	SP	TRUE	0.276023	0.723965	CS pos: 27-28. Pr: 0.2708	TRUE	FALSE	1	-	-	-	GH13_5+GH13_5	-	-	TRUE	TRUE	up	TRUE	TRUE	TRUE
gene_4176	interaction_vs_onu	847.532643970541	1.52387944868451	0.09720923332186	15.6762829682952	2.19742742571563e-55	1.15398642724698e-53	mRNA_4176	SP	TRUE	0.000267	0.999702	CS pos: 18-19. Pr: 0.9785	TRUE	FALSE	1	-	-	-	GH54+CBM42	-	-	TRUE	TRUE	up	TRUE	TRUE	TRUE
gene_1391	interaction_vs_onu	468.975014510957	1.84112111197433	0.120052301307187	15.3359918296219	4.39508049142627e-53	2.16217752911545e-51	mRNA_1391	SP	TRUE	0.000221	0.999786	CS pos: 25-26. Pr: 0.8594	FALSE	FALSE	0	-	-	-	-	-	-	TRUE	TRUE	up	TRUE	TRUE	TRUE
gene_4976	interaction_vs_onu	2024.95929415223	1.1222862615825	0.0739085761703492	15.1847907203053	4.45984349051962e-52	2.12090334882488e-50	mRNA_4976	SP	TRUE	0.000270	0.999705	CS pos: 19-20. Pr: 0.9817	FALSE	FALSE	0	-	-	-	-	-	-	TRUE	TRUE	up	TRUE	TRUE	TRUE
gene_7161	interaction_vs_onu	374.276878454393	1.82845774336948	0.120894586201518	15.1243972192571	1.118198335724e-51	5.23047964688384e-50	mRNA_7161	SP	TRUE	0.000210	0.999762	CS pos: 29-30. Pr: 0.9318	TRUE	TRUE	3	3.2.1.164:1	GH5_16(44-377)	GH5_e102(46-378)	GH5_16+GH5_16	GH5_16	arabinogalactan	TRUE	TRUE	up	TRUE	TRUE	TRUE
gene_7087	interaction_vs_onu	6201.9686646117	1.4303344845855	0.0971806741788898	14.7183017268696	4.91857820666518e-49	2.09467808204249e-47	mRNA_7087	SP	TRUE	0.000232	0.999749	CS pos: 16-17. Pr: 0.9724	FALSE	FALSE	0	-	-	-	-	-	-	TRUE	TRUE	up	TRUE	TRUE	TRUE
gene_636	interaction_vs_onu	578.912871531249	1.27804621863964	0.0880284823387806	14.5185533668641	9.24405554882155e-48	3.75019504729443e-46	mRNA_636	SP	TRUE	0.000721	0.999233	CS pos: 15-16. Pr: 0.9376	TRUE	TRUE	3	3.1.1.-:1	CE12(18-235)	CE12_e43(19-235)	CE12	CE12_e43	xylan	TRUE	TRUE	up	TRUE	TRUE	TRUE
gene_2801	interaction_vs_onu	5149.41672555328	0.852604251862551	0.0589640008358994	14.4597422117845	2.1761131617116e-47	8.74531862171422e-46	mRNA_2801	SP	TRUE	0.000304	0.999675	CS pos: 22-23. Pr: 0.9729	FALSE	FALSE	0	-	-	-	-	-	-	TRUE	FALSE	up	TRUE	TRUE	FALSE
gene_3809	interaction_vs_onu	11257.1832101299	0.993446447753577	0.0717593558319033	13.8441383180854	1.3802596642022e-43	4.985241656359e-42	mRNA_3809	SP	TRUE	0.000280	0.999686	CS pos: 26-27. Pr: 0.9674	FALSE	FALSE	0	-	-	-	-	-	-	TRUE	FALSE	up	TRUE	TRUE	FALSE
gene_1826	interaction_vs_onu	1559.82173923373	1.17423429196946	0.0857624528670366	13.6917060172002	1.13805471797674e-42	3.99251983027905e-41	mRNA_1826	SP	TRUE	0.000429	0.999548	CS pos: 18-19. Pr: 0.9728	TRUE	TRUE	3	3.2.1.14:58	GH18(42-399)	GH18_e272(44-398)	GH18	GH18_e272	chitin	TRUE	TRUE	up	TRUE	TRUE	TRUE
gene_2463	interaction_vs_onu	6425.67415618903	1.04688561091035	0.0799266381088056	13.0980813866486	3.37686318957041e-39	1.04731698922908e-37	mRNA_2463	SP	TRUE	0.000240	0.999721	CS pos: 17-18. Pr: 0.9793	FALSE	FALSE	0	-	-	-	-	-	-	TRUE	TRUE	up	TRUE	TRUE	TRUE
gene_5096	interaction_vs_onu	2363.60647582981	2.09541251172711	0.160119212772635	13.0865776532547	3.92916365653752e-39	1.20984319784033e-37	mRNA_5096	SP	TRUE	0.000280	0.999681	CS pos: 14-15. Pr: 0.9659	FALSE	FALSE	0	-	-	-	-	-	-	TRUE	TRUE	up	TRUE	TRUE	TRUE
gene_3437	interaction_vs_onu	1271.46927827754	1.14728524173759	0.0883986575096104	12.9785369377681	1.61944509940657e-38	4.88114438412685e-37	mRNA_3437	SP	TRUE	0.000738	0.999244	CS pos: 17-18. Pr: 0.9585	FALSE	FALSE	0	-	-	-	-	-	-	TRUE	TRUE	up	TRUE	TRUE	TRUE
gene_2071	interaction_vs_onu	4529.22261055247	0.757488476158266	0.0601753539183054	12.5880186294648	2.45765050543196e-36	7.01249610883251e-35	mRNA_2071	SP	TRUE	0.000272	0.999681	CS pos: 25-26. Pr: 0.9724	TRUE	FALSE	1	-	-	-	CBM12	-	-	TRUE	FALSE	up	TRUE	TRUE	FALSE
gene_4142	interaction_vs_onu	48.721533136317	4.71460656094227	0.380124326004455	12.4028015004939	2.5234416438563e-35	6.99050500692878e-34	mRNA_4142	SP	TRUE	0.391259	0.608744	CS pos: 18-19. Pr: 0.5725	TRUE	FALSE	1	-	-	-	GT31	-	-	TRUE	TRUE	up	TRUE	TRUE	TRUE
gene_4145	interaction_vs_onu	2006.16459318888	1.05311677712289	0.0857264137955247	12.2846241956977	1.09552921176649e-34	2.96763609263328e-33	mRNA_4145	SP	TRUE	0.034977	0.965004	CS pos: 20-21. Pr: 0.8359	FALSE	FALSE	0	-	-	-	-	-	-	TRUE	TRUE	up	TRUE	TRUE	TRUE
gene_8559	interaction_vs_onu	353.261172061557	1.81877626330154	0.148356724326535	12.2594797880438	1.49456260492165e-34	4.03579050414174e-33	mRNA_8559	SP	TRUE	0.000350	0.999613	CS pos: 20-21. Pr: 0.9782	FALSE	FALSE	0	-	-	-	-	-	-	TRUE	TRUE	up	TRUE	TRUE	TRUE
gene_6561	interaction_vs_onu	984.338188831336	1.34409244721838	0.109676348107012	12.2550802467177	1.57793070539538e-34	4.24751158433472e-33	mRNA_6561	SP	TRUE	0.000331	0.999650	CS pos: 16-17. Pr: 0.9550	FALSE	FALSE	0	-	-	-	-	-	-	TRUE	TRUE	up	TRUE	TRUE	TRUE
gene_928	interaction_vs_onu	875.034415699132	1.2115493410511	0.0997995926573269	12.1398225062009	6.49668100801034e-34	1.71112582857134e-32	mRNA_928	SP	TRUE	0.000237	0.999737	CS pos: 21-22. Pr: 0.7114	TRUE	TRUE	3	-	GH29(334-701)	GH29_e66(334-702)	GH29	GH29_e66	host glycan	TRUE	TRUE	up	TRUE	TRUE	TRUE
gene_6911	interaction_vs_onu	843.676599202199	0.925607294456716	0.0818396302334553	11.3100131539736	1.17071973293595e-29	2.6029508867355e-28	mRNA_6911	SP	TRUE	0.000500	0.999482	CS pos: 17-18. Pr: 0.8595	FALSE	FALSE	0	-	-	-	-	-	-	TRUE	FALSE	up	TRUE	TRUE	FALSE
gene_4768	interaction_vs_onu	2385.86425596015	1.06202741936369	0.0949713957703086	11.1826030432598	4.96130494219004e-29	1.06974232506667e-27	mRNA_4768	SP	TRUE	0.000214	0.999769	CS pos: 19-20. Pr: 0.9348	FALSE	FALSE	0	-	-	-	-	-	-	TRUE	TRUE	up	TRUE	TRUE	TRUE
gene_4140	interaction_vs_onu	4681.09651750131	0.795035037089161	0.0716970970867671	11.0888037227925	1.42176317823352e-28	2.99024393259925e-27	mRNA_4140	SP	TRUE	0.000362	0.999598	CS pos: 18-19. Pr: 0.9738	TRUE	TRUE	3	3.2.1.4:1	GH5_5(23-317)	GH5_e131(23-318)	GH5_5+GH5_5	GH5_5	beta-glucan	TRUE	FALSE	up	TRUE	TRUE	FALSE
gene_7120	interaction_vs_onu	9193.95107882073	0.582625790491721	0.0530519070540742	10.9821837299433	4.65532225485844e-28	9.60230325339476e-27	mRNA_7120	SP	TRUE	0.000308	0.999650	CS pos: 21-22. Pr: 0.9712	FALSE	FALSE	0	-	-	-	-	-	-	TRUE	FALSE	up	TRUE	TRUE	FALSE
gene_1514	interaction_vs_onu	1870.32807449344	0.760901797862593	0.0696338281858659	10.9271860773129	8.54574232450191e-28	1.7171726360971e-26	mRNA_1514	SP	TRUE	0.168104	0.831881	CS pos: 36-37. Pr: 0.6060	TRUE	FALSE	1	-	-	-	CBM1+AA9	-	-	TRUE	FALSE	up	TRUE	TRUE	FALSE
gene_8374	interaction_vs_onu	35902.2864011126	0.585725136623527	0.0540198726418527	10.8427715205261	2.15831586966306e-27	4.24716869984271e-26	mRNA_8374	SP	TRUE	0.000270	0.999679	CS pos: 18-19. Pr: 0.9785	TRUE	FALSE	1	-	-	-	AA2	-	-	TRUE	FALSE	up	TRUE	TRUE	FALSE
gene_5065	interaction_vs_onu	1701.16694549723	0.623563637033698	0.0592640082109207	10.5217931735976	6.85562370809605e-26	1.25661967754394e-24	mRNA_5065	SP	TRUE	0.000248	0.999746	CS pos: 24-25. Pr: 0.9343	TRUE	TRUE	3	1.10.3.2:1	AA1(73-249)+AA1(335-626)	AA1_e8(74-626)	AA1	AA1_e8	lignin	TRUE	FALSE	up	TRUE	TRUE	FALSE
gene_7091	interaction_vs_onu	840.581276555409	0.817511951979793	0.0782164276326227	10.4519213766652	1.43586374328579e-25	2.57133758211848e-24	mRNA_7091	SP	TRUE	0.000257	0.999716	CS pos: 16-17. Pr: 0.9804	FALSE	FALSE	0	-	-	-	-	-	-	TRUE	FALSE	up	TRUE	TRUE	FALSE
gene_6252	interaction_vs_onu	1048.12437639235	0.898530354506454	0.0889101951691324	10.1060441133572	5.19393187565362e-24	8.53360016422169e-23	mRNA_6252	SP	TRUE	0.000250	0.999694	CS pos: 28-29. Pr: 0.6432	FALSE	FALSE	0	-	-	-	-	-	-	TRUE	FALSE	up	TRUE	TRUE	FALSE
gene_8017	interaction_vs_onu	3726.27002236217	0.990349438596274	0.0982219211653085	10.0827740574276	6.58405311208304e-24	1.07147328211846e-22	mRNA_8017	SP	TRUE	0.002959	0.997002	CS pos: 22-23. Pr: 0.9562	FALSE	FALSE	0	-	-	-	-	-	-	TRUE	FALSE	up	TRUE	TRUE	FALSE
gene_3065	interaction_vs_onu	17708.3021764421	0.575269377526146	0.0580111894179792	9.91652443774673	3.52828591754241e-23	5.53152517475513e-22	mRNA_3065	SP	TRUE	0.000346	0.999625	CS pos: 23-24. Pr: 0.9764	TRUE	TRUE	3	-	AA2(130-232)	AA2_e1(133-230)	AA0	AA2_e1	lignin	TRUE	FALSE	up	TRUE	TRUE	FALSE
gene_3787	interaction_vs_onu	1745.90137536063	1.35569239055605	0.137343984499412	9.87078098467328	5.57289998408081e-23	8.61083463244255e-22	mRNA_3787	SP	TRUE	0.004244	0.995728	CS pos: 15-16. Pr: 0.9530	FALSE	FALSE	0	-	-	-	-	-	-	TRUE	TRUE	up	TRUE	TRUE	TRUE
gene_7022	interaction_vs_onu	3001.50692709173	0.959641035338145	0.0980098987843904	9.79126646635189	1.22748631200574e-22	1.87295594131356e-21	mRNA_7022	SP	TRUE	0.000379	0.999585	CS pos: 18-19. Pr: 0.9532	TRUE	TRUE	3	1.14.99.54:4;1.14.99.56:2	AA9(7-232)	AA9_e46(10-232)	AA9	AA9_e46	cellulose	TRUE	FALSE	up	TRUE	TRUE	FALSE
gene_2128	interaction_vs_onu	4566.19632231494	0.702879897337914	0.0726407990178649	9.67610360625371	3.80958943636098e-22	5.6418833175173e-21	mRNA_2128	SP	TRUE	0.008233	0.991751	CS pos: 39-40. Pr: 0.9548	FALSE	FALSE	0	-	-	-	-	-	-	TRUE	FALSE	up	TRUE	TRUE	FALSE
gene_5204	interaction_vs_onu	2201.752103866	0.736233776994454	0.0762025560213977	9.66153650787933	4.39226065801077e-22	6.48237090216762e-21	mRNA_5204	SP	TRUE	0.000670	0.999317	CS pos: 22-23. Pr: 0.9485	FALSE	FALSE	0	-	-	-	-	-	-	TRUE	FALSE	up	TRUE	TRUE	FALSE
gene_6345	interaction_vs_onu	723.181961245754	1.63612228259936	0.16954339821795	9.65016803836919	4.90752469763806e-22	7.21794010511715e-21	mRNA_6345	SP	TRUE	0.000311	0.999649	CS pos: 17-18. Pr: 0.9764	FALSE	FALSE	0	-	-	-	-	-	-	TRUE	TRUE	up	TRUE	TRUE	TRUE
gene_2681	interaction_vs_onu	2698.09624453365	0.698289431198872	0.0724321595659179	9.64059936061115	5.38724990165917e-22	7.86942989047823e-21	mRNA_2681	SP	TRUE	0.000190	0.999750	CS pos: 24-25. Pr: 0.9741	FALSE	FALSE	0	-	-	-	-	-	-	TRUE	FALSE	up	TRUE	TRUE	FALSE
gene_1574	interaction_vs_onu	552.291339581293	1.48190833364014	0.154299781105703	9.60408578042611	7.68367553067225e-22	1.11478411089075e-20	mRNA_1574	SP	TRUE	0.000348	0.999616	CS pos: 19-20. Pr: 0.9714	FALSE	FALSE	0	-	-	-	-	-	-	TRUE	TRUE	up	TRUE	TRUE	TRUE
gene_7438	interaction_vs_onu	441.144654725295	1.1423128824833	0.120032233493726	9.51671771185533	1.78735258375548e-21	2.53306922466009e-20	mRNA_7438	SP	TRUE	0.000356	0.999641	CS pos: 19-20. Pr: 0.9785	TRUE	FALSE	1	-	-	-	GT2	-	-	TRUE	TRUE	up	TRUE	TRUE	TRUE
gene_1923	interaction_vs_onu	34711.2629784235	1.33199770443248	0.142131042490828	9.37161707315587	7.14296462744984e-21	9.8144104672505e-20	mRNA_1923	SP	TRUE	0.000331	0.999641	CS pos: 16-17. Pr: 0.9751	FALSE	FALSE	0	-	-	-	-	-	-	TRUE	TRUE	up	TRUE	TRUE	TRUE
gene_3383	interaction_vs_onu	293.911301424273	1.25509167510707	0.137879344310711	9.10282596266724	8.80113882633438e-20	1.15019463134996e-18	mRNA_3383	SP	TRUE	0.000270	0.999692	CS pos: 19-20. Pr: 0.9670	FALSE	FALSE	0	-	-	-	-	-	-	TRUE	TRUE	up	TRUE	TRUE	TRUE
gene_1666	interaction_vs_onu	9450.97451760848	0.690744936457962	0.076395649179146	9.04167899454825	1.54283580150457e-19	1.98895699712035e-18	mRNA_1666	SP	TRUE	0.000254	0.999732	CS pos: 18-19. Pr: 0.9785	TRUE	TRUE	3	2.4.1.-:3|2.4.1.-:33	GH72(23-332)	GH72_e5(25-333)+CBM43_e30(383-469)	GH72+CBM43	GH72_e5|CBM43_e30	beta-glucan	TRUE	FALSE	up	TRUE	TRUE	FALSE
gene_7220	interaction_vs_onu	7862.20746674751	1.0218599260058	0.113028468493875	9.04073053118631	1.55628237803968e-19	2.00327476030371e-18	mRNA_7220	SP	TRUE	0.000240	0.999749	CS pos: 24-25. Pr: 0.8861	FALSE	FALSE	0	-	-	-	-	-	-	TRUE	TRUE	up	TRUE	TRUE	TRUE
gene_1572	interaction_vs_onu	683.292807035003	0.71061400955902	0.0788339042794117	9.01406591560383	1.98555273211941e-19	2.53298530356814e-18	mRNA_1572	SP	TRUE	0.000415	0.999559	CS pos: 19-20. Pr: 0.9776	TRUE	TRUE	3	-	AA3_2(48-675)	AA3_e44(49-674)	AA3	AA3_2	-	TRUE	FALSE	up	TRUE	TRUE	FALSE
gene_7230	interaction_vs_onu	1150.01026767741	1.43066087881369	0.161005800616179	8.88577227241794	6.34782646028731e-19	7.87498471015354e-18	mRNA_7230	SP	TRUE	0.000266	0.999693	CS pos: 19-20. Pr: 0.9643	FALSE	FALSE	0	-	-	-	-	-	-	TRUE	TRUE	up	TRUE	TRUE	TRUE
gene_5697	interaction_vs_onu	1456.15290799019	1.11715926510184	0.125793333407955	8.88090994042443	6.6315628823136e-19	8.21507645044926e-18	mRNA_5697	SP	TRUE	0.000263	0.999716	CS pos: 18-19. Pr: 0.9571	TRUE	TRUE	3	3.2.1.101:1	GH76(26-399)	GH76_e8(27-399)	GH76	GH76_e8	alpha-mannan	TRUE	TRUE	up	TRUE	TRUE	TRUE
gene_5612	interaction_vs_onu	282.538013450813	1.15879490360741	0.13117780799956	8.8337724290323	1.01203438649185e-18	1.2375734783386e-17	mRNA_5612	SP	TRUE	0.000355	0.999612	CS pos: 18-19. Pr: 0.9617	TRUE	TRUE	3	3.2.1.171:11	GH28(63-374)	GH28_e27(65-374)	GH28	GH28_e27	pectin	TRUE	TRUE	up	TRUE	TRUE	TRUE
gene_3958	interaction_vs_onu	319.730503704071	1.06464632063199	0.120576666428489	8.82962145303135	1.0503058162966e-18	1.28254176711825e-17	mRNA_3958	SP	TRUE	0.000322	0.999657	CS pos: 22-23. Pr: 0.7603	TRUE	TRUE	3	3.2.1.101:1	GH76(30-400)	GH76_e8(32-402)	GH76	GH76_e8	alpha-mannan	TRUE	TRUE	up	TRUE	TRUE	TRUE
gene_1302	interaction_vs_onu	2966.61948965079	0.679238742419125	0.0771582619893014	8.80318873062882	1.32982651300429e-18	1.60102882578295e-17	mRNA_1302	SP	TRUE	0.210610	0.789357	CS pos: 25-26. Pr: 0.8486	TRUE	FALSE	1	-	-	-	GH43_14+CBM91+GH43_14	-	-	TRUE	FALSE	up	TRUE	TRUE	FALSE
gene_1819	interaction_vs_onu	271.577089926578	1.26045515862995	0.147183684864848	8.56382390335833	1.09184557694048e-17	1.23463647801988e-16	mRNA_1819	SP	TRUE	0.000526	0.999445	CS pos: 18-19. Pr: 0.6871	FALSE	FALSE	0	-	-	-	-	-	-	TRUE	TRUE	up	TRUE	TRUE	TRUE
gene_5386	interaction_vs_onu	809.511484403083	1.42312730952421	0.168373793234594	8.45219010740807	2.85888590782119e-17	3.15361641378214e-16	mRNA_5386	SP	TRUE	0.000552	0.999414	CS pos: 19-20. Pr: 0.9722	FALSE	FALSE	0	-	-	-	-	-	-	TRUE	TRUE	up	TRUE	TRUE	TRUE
gene_1511	interaction_vs_onu	2848.06190489484	0.653468790060368	0.0773283057030086	8.4505768504759	2.89867037587087e-17	3.19103704096047e-16	mRNA_1511	SP	TRUE	0.000485	0.999483	CS pos: 19-20. Pr: 0.9707	FALSE	FALSE	0	-	-	-	-	-	-	TRUE	FALSE	up	TRUE	TRUE	FALSE
gene_1687	interaction_vs_onu	1307.43651215212	0.725755335275069	0.086969402973483	8.34495018318514	7.12439097926215e-17	7.6710423625766e-16	mRNA_1687	SP	TRUE	0.000228	0.999781	CS pos: 17-18. Pr: 0.9692	TRUE	TRUE	3	3.2.1.21:10;3.2.1.37:4	GH3(104-330)	GH3_e32(104-331)	GH3	GH3_e32	beta-glucan;xylan	TRUE	FALSE	up	TRUE	TRUE	FALSE
gene_236	interaction_vs_onu	362.258637807043	0.985914829766838	0.119298410593873	8.2642746442212	1.40546698626007e-16	1.49080513040721e-15	mRNA_236	SP	TRUE	0.184697	0.815265	CS pos: 22-23. Pr: 0.4934	FALSE	FALSE	0	-	-	-	-	-	-	TRUE	FALSE	up	TRUE	TRUE	FALSE
gene_8424	interaction_vs_onu	97.2104943030984	1.95476050077513	0.239868089676663	8.14931449785632	3.65992984377228e-16	3.77457824851695e-15	mRNA_8424	SP	TRUE	0.000253	0.999716	CS pos: 19-20. Pr: 0.9705	FALSE	FALSE	0	-	-	-	-	-	-	TRUE	TRUE	up	TRUE	TRUE	TRUE
gene_4479	interaction_vs_onu	4568.56731218604	0.677784169999791	0.0832378283134613	8.14274211296522	3.86424750660917e-16	3.9709434161554e-15	mRNA_4479	SP	TRUE	0.000236	0.999739	CS pos: 17-18. Pr: 0.9818	FALSE	FALSE	0	-	-	-	-	-	-	TRUE	FALSE	up	TRUE	TRUE	FALSE
gene_142	interaction_vs_onu	49523.1590085897	0.619252992141996	0.0760853577551096	8.13892462903493	3.9880413131739e-16	4.09324144373724e-15	mRNA_142	SP	TRUE	0.064911	0.935063	CS pos: 19-20. Pr: 0.9413	FALSE	FALSE	0	-	-	-	-	-	-	TRUE	FALSE	up	TRUE	TRUE	FALSE
gene_1904	interaction_vs_onu	198.734503256449	1.63549251787503	0.204162860729143	8.01072492829533	1.14034247735935e-15	1.13240505872344e-14	mRNA_1904	SP	TRUE	0.261151	0.738821	CS pos: 22-23. Pr: 0.6951	FALSE	FALSE	0	-	-	-	-	-	-	TRUE	TRUE	up	TRUE	TRUE	TRUE
gene_2245	interaction_vs_onu	19345.8931361286	0.732070864649666	0.0915979631134626	7.9922177280607	1.32532705493049e-15	1.31153752487919e-14	mRNA_2245	SP	TRUE	0.063812	0.936160	CS pos: 22-23. Pr: 0.9047	FALSE	FALSE	0	-	-	-	-	-	-	TRUE	FALSE	up	TRUE	TRUE	FALSE
gene_7288	interaction_vs_onu	4326.66385629582	0.605667232282238	0.0760309191365392	7.9660648478359	1.63807005097634e-15	1.60617177965149e-14	mRNA_7288	SP	TRUE	0.000367	0.999610	CS pos: 18-19. Pr: 0.9352	FALSE	FALSE	0	-	-	-	-	-	-	TRUE	FALSE	up	TRUE	TRUE	FALSE
gene_3753	interaction_vs_onu	654.898253856463	0.855947506368259	0.108002698221957	7.92524187320948	2.27702679300192e-15	2.20241235571711e-14	mRNA_3753	SP	TRUE	0.000423	0.999558	CS pos: 23-24. Pr: 0.9372	FALSE	FALSE	0	-	-	-	-	-	-	TRUE	FALSE	up	TRUE	TRUE	FALSE
gene_2678	interaction_vs_onu	3884.17213974887	0.537153563607711	0.0697979719117917	7.69583340167173	1.40574873651201e-14	1.28559927185287e-13	mRNA_2678	SP	TRUE	0.000400	0.999558	CS pos: 23-24. Pr: 0.9699	FALSE	FALSE	0	-	-	-	-	-	-	TRUE	FALSE	up	TRUE	TRUE	FALSE
gene_4490	interaction_vs_onu	1822.35237160593	0.773208637571572	0.10117796254916	7.64206570374343	2.13764037526798e-14	1.92612648550462e-13	mRNA_4490	SP	TRUE	0.000277	0.999675	CS pos: 21-22. Pr: 0.9748	TRUE	TRUE	3	3.2.1.52:9	GH20(237-582)	GH20_e10(239-583)	GH20	GH20_e10	host glycan	TRUE	FALSE	up	TRUE	TRUE	FALSE
gene_4240	interaction_vs_onu	5586.06026042488	0.513847539571045	0.0680113428275094	7.55532118920615	4.1782747675974e-14	3.65332298372153e-13	mRNA_4240	SP	TRUE	0.000296	0.999703	CS pos: 18-19. Pr: 0.9801	FALSE	FALSE	0	-	-	-	-	-	-	TRUE	FALSE	up	TRUE	TRUE	FALSE
gene_4133	interaction_vs_onu	135.981000702337	1.41460213637772	0.187469170423629	7.54578543864632	4.49569686658276e-14	3.91486929582385e-13	mRNA_4133	SP	TRUE	0.000322	0.999646	CS pos: 25-26. Pr: 0.9766	FALSE	FALSE	0	-	-	-	-	-	-	TRUE	TRUE	up	TRUE	TRUE	TRUE
gene_6904	interaction_vs_onu	276.620885248298	1.29218463518193	0.173233615869246	7.4592025843139	8.70476814030574e-14	7.34840387386757e-13	mRNA_6904	SP	TRUE	0.003169	0.996805	CS pos: 24-25. Pr: 0.4583	FALSE	FALSE	0	-	-	-	-	-	-	TRUE	TRUE	up	TRUE	TRUE	TRUE
gene_4808	interaction_vs_onu	647.903164061355	0.673797899141074	0.0919495318663682	7.32791005527158	2.33769518940766e-13	1.91306604410417e-12	mRNA_4808	SP	TRUE	0.000292	0.999694	CS pos: 24-25. Pr: 0.9738	TRUE	FALSE	1	-	-	-	GH5_12+GH5_12	-	-	TRUE	FALSE	up	TRUE	TRUE	FALSE
gene_5954	interaction_vs_onu	6856.29235909711	0.852202477229316	0.116479157581745	7.31635165399645	2.54803411090398e-13	2.08121870127271e-12	mRNA_5954	SP	TRUE	0.000465	0.999519	CS pos: 18-19. Pr: 0.9794	TRUE	TRUE	2	3.2.1.-:1	-	GH17_e33(354-588)	GH17	GH17_e33	-	TRUE	FALSE	up	TRUE	TRUE	FALSE
gene_6157	interaction_vs_onu	1693.31758213449	1.16241503908708	0.159701126149999	7.27869030801502	3.37076479434609e-13	2.72462196785671e-12	mRNA_6157	SP	TRUE	0.027781	0.972219	CS pos: 28-29. Pr: 0.8633	FALSE	FALSE	0	-	-	-	-	-	-	TRUE	TRUE	up	TRUE	TRUE	TRUE
gene_7289	interaction_vs_onu	1309.02644108875	0.713940201936496	0.099135943326143	7.20162816817848	5.94977620440875e-13	4.67677541870881e-12	mRNA_7289	SP	TRUE	0.000387	0.999594	CS pos: 17-18. Pr: 0.9750	FALSE	FALSE	0	-	-	-	-	-	-	TRUE	FALSE	up	TRUE	TRUE	FALSE
gene_8146	interaction_vs_onu	149.973823115395	1.13070185030359	0.157672838203575	7.17118980787108	7.4348736502789e-13	5.75429642372399e-12	mRNA_8146	SP	TRUE	0.000655	0.999347	CS pos: 23-24. Pr: 0.9778	FALSE	FALSE	0	-	-	-	-	-	-	TRUE	TRUE	up	TRUE	TRUE	TRUE
gene_8212	interaction_vs_onu	409.290656908949	0.921693677493581	0.132163365236369	6.97389685746252	3.08280136188587e-12	2.2573806379592e-11	mRNA_8212	SP	TRUE	0.000222	0.999741	CS pos: 28-29. Pr: 0.7034	FALSE	FALSE	0	-	-	-	-	-	-	TRUE	FALSE	up	TRUE	TRUE	FALSE
gene_2595	interaction_vs_onu	7535.27524898009	0.329604405508007	0.0472734144940389	6.97229952682113	3.11801803063368e-12	2.27926851769635e-11	mRNA_2595	SP	TRUE	0.000238	0.999740	CS pos: 26-27. Pr: 0.9782	TRUE	FALSE	1	-	-	-	CBM12	-	-	TRUE	FALSE	up	TRUE	TRUE	FALSE
gene_6483	interaction_vs_onu	2395.24876347713	0.699294397788357	0.102274512013957	6.83742590424606	8.06287664698331e-12	5.67117700067191e-11	mRNA_6483	SP	TRUE	0.001344	0.998615	CS pos: 19-20. Pr: 0.9670	TRUE	TRUE	3	1.10.3.2:1	AA1_2(40-376)	AA1_e26(41-498)	AA1_2+AA1_2	AA1_2	lignin	TRUE	FALSE	up	TRUE	TRUE	FALSE
gene_7790	interaction_vs_onu	2839.06807373311	0.610260384996547	0.0894913128750601	6.81921367997517	9.15401596341488e-12	6.41230578124643e-11	mRNA_7790	SP	TRUE	0.000226	0.999735	CS pos: 20-21. Pr: 0.9770	FALSE	FALSE	0	-	-	-	-	-	-	TRUE	FALSE	up	TRUE	TRUE	FALSE
gene_6415	interaction_vs_onu	1294.07127317376	0.703805613480834	0.104963386310895	6.70524873689008	2.01063580702141e-11	1.35733773723212e-10	mRNA_6415	SP	TRUE	0.000263	0.999713	CS pos: 20-21. Pr: 0.9785	FALSE	FALSE	0	-	-	-	-	-	-	TRUE	FALSE	up	TRUE	TRUE	FALSE
gene_81	interaction_vs_onu	1406.57478501933	0.682795441336209	0.102317052977485	6.67332982593291	2.50063515866269e-11	1.67622842272143e-10	mRNA_81	SP	TRUE	0.034097	0.965882	CS pos: 19-20. Pr: 0.9136	TRUE	TRUE	3	-	GH132(155-462)	GH132_e2(164-465)	GH132	GH132_e2	beta-glucan	TRUE	FALSE	up	TRUE	TRUE	FALSE
gene_6152	interaction_vs_onu	1766.06367032723	0.62990566706236	0.094935307017352	6.63510433423076	3.24273081654905e-11	2.14345758993512e-10	mRNA_6152	SP	TRUE	0.000351	0.999658	CS pos: 20-21. Pr: 0.9754	FALSE	FALSE	0	-	-	-	-	-	-	TRUE	FALSE	up	TRUE	TRUE	FALSE
gene_983	interaction_vs_onu	73562.5053166452	0.619299755656846	0.0937887040318401	6.60313800099637	4.02544491654118e-11	2.64449796512605e-10	mRNA_983	SP	TRUE	0.000211	0.999782	CS pos: 17-18. Pr: 0.9864	FALSE	FALSE	0	-	-	-	-	-	-	TRUE	FALSE	up	TRUE	TRUE	FALSE
gene_6931	interaction_vs_onu	1563.44427275995	0.562798275381372	0.0853610790950701	6.59314855608329	4.30595318026515e-11	2.8222786541401e-10	mRNA_6931	SP	TRUE	0.000206	0.999741	CS pos: 20-21. Pr: 0.9807	FALSE	FALSE	0	-	-	-	-	-	-	TRUE	FALSE	up	TRUE	TRUE	FALSE
gene_7574	interaction_vs_onu	26008.2718920087	0.763920728438635	0.116204525195729	6.57393270315355	4.90033864366068e-11	3.20449952557184e-10	mRNA_7574	SP	TRUE	0.000310	0.999655	CS pos: 15-16. Pr: 0.9825	FALSE	FALSE	0	-	-	-	-	-	-	TRUE	FALSE	up	TRUE	TRUE	FALSE
gene_4215	interaction_vs_onu	1486.96312265236	0.722517246285709	0.110495039204871	6.53891117180452	6.19683146365167e-11	4.01550926032235e-10	mRNA_4215	SP	TRUE	0.000299	0.999657	CS pos: 16-17. Pr: 0.9795	FALSE	FALSE	0	-	-	-	-	-	-	TRUE	FALSE	up	TRUE	TRUE	FALSE
gene_4725	interaction_vs_onu	104.845960058852	2.69399391399598	0.43308019575366	6.22054284728446	4.95437742838841e-10	2.97913393518008e-09	mRNA_4725	SP	TRUE	0.000569	0.999397	CS pos: 20-21. Pr: 0.9732	FALSE	FALSE	0	-	-	-	-	-	-	TRUE	TRUE	up	TRUE	TRUE	TRUE
gene_3064	interaction_vs_onu	5260.92854873376	0.374302850914988	0.0602587336632982	6.21159503627214	5.24494539589848e-10	3.13743763723906e-09	mRNA_3064	SP	TRUE	0.325740	0.674224	CS pos: 30-31. Pr: 0.2090	FALSE	FALSE	0	-	-	-	-	-	-	TRUE	FALSE	up	TRUE	TRUE	FALSE
gene_6350	interaction_vs_onu	1578.4463722668	0.546114960250958	0.0886546803257799	6.16002401953451	7.27339113843363e-10	4.28789450034379e-09	mRNA_6350	SP	TRUE	0.000511	0.999457	CS pos: 22-23. Pr: 0.8888	FALSE	FALSE	0	-	-	-	-	-	-	TRUE	FALSE	up	TRUE	TRUE	FALSE
gene_2975	interaction_vs_onu	7233.2133929649	0.363824209904836	0.0593133247902756	6.13393720873466	8.5730367419694e-10	4.99219010280667e-09	mRNA_2975	SP	TRUE	0.000222	0.999730	CS pos: 21-22. Pr: 0.9668	TRUE	TRUE	3	-	GH16_18(71-227)	GH16_e149(72-228)	GH16_18+GH16_18	GH16_18	-	TRUE	FALSE	up	TRUE	TRUE	FALSE
gene_1724	interaction_vs_onu	10.6494207925706	4.46579440815092	0.73115579754095	6.10785611380015	1.00978322764371e-09	5.84036785718252e-09	mRNA_1724	SP	TRUE	0.000289	0.999658	CS pos: 25-26. Pr: 0.9870	TRUE	TRUE	3	-	AA8(32-210)	AA8_e3(34-210)	AA8	AA8_e3	lignin	TRUE	TRUE	up	TRUE	TRUE	TRUE
gene_7525	interaction_vs_onu	40352.637531715	0.426627664007746	0.0705499775861899	6.04716937700711	1.47412761788459e-09	8.36778826005677e-09	mRNA_7525	SP	TRUE	0.341167	0.658812	CS pos: 28-29. Pr: 0.3420	TRUE	FALSE	1	-	-	-	CE1	-	-	TRUE	FALSE	up	TRUE	TRUE	FALSE
gene_5950	interaction_vs_onu	1100.52055349176	0.808773800211154	0.133834071716205	6.04310837920375	1.51173030780123e-09	8.56413728310955e-09	mRNA_5950	SP	TRUE	0.000411	0.999557	CS pos: 29-30. Pr: 0.9722	FALSE	FALSE	0	-	-	-	-	-	-	TRUE	FALSE	up	TRUE	TRUE	FALSE
gene_1599	interaction_vs_onu	863.236995577565	0.601598387966415	0.103291959568578	5.82425186315688	5.73690045328432e-09	3.03885321040308e-08	mRNA_1599	SP	TRUE	0.000281	0.999699	CS pos: 17-18. Pr: 0.9396	FALSE	FALSE	0	-	-	-	-	-	-	TRUE	FALSE	up	TRUE	TRUE	FALSE
gene_1573	interaction_vs_onu	238.156746767853	0.97784703167667	0.168419046407259	5.80603591182977	6.39692470838292e-09	3.37593560442403e-08	mRNA_1573	SP	TRUE	0.000190	0.999794	CS pos: 21-22. Pr: 0.9756	TRUE	FALSE	1	-	-	-	AA3_2+AA3_2	-	-	TRUE	FALSE	up	TRUE	TRUE	FALSE
gene_4460	interaction_vs_onu	768.09765585782	0.601331684585832	0.103838075646101	5.79105189348152	6.99469595298227e-09	3.6823245607336e-08	mRNA_4460	SP	TRUE	0.000260	0.999692	CS pos: 18-19. Pr: 0.9756	FALSE	FALSE	0	-	-	-	-	-	-	TRUE	FALSE	up	TRUE	TRUE	FALSE
gene_2331	interaction_vs_onu	118.73149185978	1.04109458329683	0.179846003536693	5.78881133204845	7.08862631904825e-09	3.72490124561406e-08	mRNA_2331	SP	TRUE	0.000420	0.999561	CS pos: 18-19. Pr: 0.9804	FALSE	FALSE	0	-	-	-	-	-	-	TRUE	TRUE	up	TRUE	TRUE	TRUE
gene_737	interaction_vs_onu	265.143052993005	0.789453082124637	0.136721037210402	5.77418880248647	7.73246956832204e-09	4.05079189136087e-08	mRNA_737	SP	TRUE	0.000889	0.999089	CS pos: 15-16. Pr: 0.9525	FALSE	FALSE	0	-	-	-	-	-	-	TRUE	FALSE	up	TRUE	TRUE	FALSE
gene_4737	interaction_vs_onu	7547.92999233779	0.486728655995832	0.0859498205810105	5.66293975607633	1.48801412456532e-08	7.58178625373757e-08	mRNA_4737	SP	TRUE	0.000434	0.999517	CS pos: 34-35. Pr: 0.9680	TRUE	FALSE	1	-	-	-	GH5_31+GH5_31	-	-	TRUE	FALSE	up	TRUE	TRUE	FALSE
gene_7500	interaction_vs_onu	543.206465206146	0.917017472738246	0.162215996866214	5.65306437375929	1.57612242548769e-08	8.01164368300155e-08	mRNA_7500	SP	TRUE	0.000247	0.999725	CS pos: 19-20. Pr: 0.9830	TRUE	TRUE	3	1.10.3.2:4;1.10.3.-:1	AA1_3(103-414)	AA1_e46(104-590)	AA1_3+AA1_3	AA1_3	lignin	TRUE	FALSE	up	TRUE	TRUE	FALSE
gene_6265	interaction_vs_onu	80.344428579383	1.60305516607874	0.28419043740537	5.64077799631286	1.69283512422612e-08	8.57943674563385e-08	mRNA_6265	SP	TRUE	0.000422	0.999539	CS pos: 17-18. Pr: 0.9786	FALSE	FALSE	0	-	-	-	-	-	-	TRUE	TRUE	up	TRUE	TRUE	TRUE
gene_2911	interaction_vs_onu	5820.08449658968	0.476668113291533	0.0850791934955631	5.60264024266275	2.11111101780558e-08	1.06175736265662e-07	mRNA_2911	SP	TRUE	0.000317	0.999649	CS pos: 19-20. Pr: 0.9730	FALSE	FALSE	0	-	-	-	-	-	-	TRUE	FALSE	up	TRUE	TRUE	FALSE
gene_3680	interaction_vs_onu	1077.78914789656	0.81262794893041	0.14505204333194	5.60231990024969	2.11501748420514e-08	1.06309745536089e-07	mRNA_3680	SP	TRUE	0.000198	0.999776	CS pos: 17-18. Pr: 0.9705	FALSE	FALSE	0	-	-	-	-	-	-	TRUE	FALSE	up	TRUE	TRUE	FALSE
gene_4282	interaction_vs_onu	1601.07045744407	0.499070580587779	0.0891346040789895	5.59906655495448	2.1550905429783e-08	1.08133499694573e-07	mRNA_4282	SP	TRUE	0.009478	0.990481	CS pos: 39-40. Pr: 0.9278	FALSE	FALSE	0	-	-	-	-	-	-	TRUE	FALSE	up	TRUE	TRUE	FALSE
gene_6443	interaction_vs_onu	13.8481922616181	3.10087979248211	0.56006854033308	5.53660769918978	3.08386236581076e-08	1.50931171248371e-07	mRNA_6443	SP	TRUE	0.000729	0.999247	CS pos: 33-34. Pr: 0.1984	TRUE	TRUE	3	1.10.3.2:4;1.10.3.-:1	AA1_3(54-365)	AA1_e46(55-536)	AA1_3+AA1_3	AA1_3	lignin	TRUE	TRUE	up	TRUE	TRUE	TRUE
gene_5961	interaction_vs_onu	958.483580959986	0.939224326208828	0.16967970544717	5.53527791513792	3.10735241177946e-08	1.51993923684755e-07	mRNA_5961	SP	TRUE	0.000668	0.999291	CS pos: 16-17. Pr: 0.9300	FALSE	FALSE	0	-	-	-	-	-	-	TRUE	FALSE	up	TRUE	TRUE	FALSE
gene_7903	interaction_vs_onu	3212.28369736352	0.501482105924933	0.0916239241646199	5.4732659673463	4.41816243170852e-08	2.11163988919179e-07	mRNA_7903	SP	TRUE	0.000691	0.999295	CS pos: 19-20. Pr: 0.9469	FALSE	FALSE	0	-	-	-	-	-	-	TRUE	FALSE	up	TRUE	TRUE	FALSE
gene_795	interaction_vs_onu	2236.37723405661	0.419321035012347	0.0774518882723324	5.41395496437675	6.16476775893545e-08	2.89152942556095e-07	mRNA_795	SP	TRUE	0.001423	0.998564	CS pos: 14-15. Pr: 0.6391	FALSE	FALSE	0	-	-	-	-	-	-	TRUE	FALSE	up	TRUE	TRUE	FALSE
gene_1415	interaction_vs_onu	618.468840076234	0.891946314640357	0.166994238204037	5.34118017623195	9.23434178204755e-08	4.26260368201785e-07	mRNA_1415	SP	TRUE	0.001195	0.998801	CS pos: 17-18. Pr: 0.9631	FALSE	FALSE	0	-	-	-	-	-	-	TRUE	FALSE	up	TRUE	TRUE	FALSE
gene_2800	interaction_vs_onu	1004.31261968897	0.594475461080868	0.111644846945132	5.32470129474961	1.01119068057551e-07	4.64117545615354e-07	mRNA_2800	SP	TRUE	0.000214	0.999753	CS pos: 27-28. Pr: 0.9498	FALSE	FALSE	0	-	-	-	-	-	-	TRUE	FALSE	up	TRUE	TRUE	FALSE
gene_5249	interaction_vs_onu	501.028824353433	0.761863392278352	0.144626496912994	5.26779952871765	1.3806876443896e-07	6.22691582506585e-07	mRNA_5249	SP	TRUE	0.000249	0.999735	CS pos: 19-20. Pr: 0.9745	FALSE	FALSE	0	-	-	-	-	-	-	TRUE	FALSE	up	TRUE	TRUE	FALSE
gene_5958	interaction_vs_onu	13.6778070818694	3.47459938782236	0.664782123161466	5.22667392332755	1.72586473563546e-07	7.69848990986946e-07	mRNA_5958	SP	TRUE	0.001262	0.998705	CS pos: 17-18. Pr: 0.8627	TRUE	TRUE	2	-	AA7(59-264)	AA7_e3(63-238)	-	AA7_e3	-	TRUE	TRUE	up	TRUE	TRUE	TRUE
gene_2032	interaction_vs_onu	604.412177855453	0.657969001424775	0.126751180694098	5.19102857915556	2.0913551876688e-07	9.23735831085908e-07	mRNA_2032	SP	TRUE	0.000340	0.999639	CS pos: 34-35. Pr: 0.9652	FALSE	FALSE	0	-	-	-	-	-	-	TRUE	FALSE	up	TRUE	TRUE	FALSE
gene_8301	interaction_vs_onu	1230.22828986825	0.465921341958252	0.0921279359554636	5.05732964845199	4.25167931530113e-07	1.80170172965236e-06	mRNA_8301	SP	TRUE	0.000368	0.999607	CS pos: 28-29. Pr: 0.8455	TRUE	TRUE	3	2.4.1.-:29	GT24(1211-1458)	GT24_e1(1212-1459)	GT24	GT24_e1	-	TRUE	FALSE	up	TRUE	TRUE	FALSE
gene_1497	interaction_vs_onu	55.2747781008982	1.48051444261215	0.294841494729778	5.02139104934682	5.12985990420033e-07	2.15252944999779e-06	mRNA_1497	SP	TRUE	0.000346	0.999615	CS pos: 26-27. Pr: 0.9773	TRUE	FALSE	1	-	-	-	GT0	-	-	TRUE	TRUE	up	TRUE	TRUE	TRUE
gene_4000	interaction_vs_onu	122.121798990973	1.4402901862072	0.289746677465509	4.97086005888246	6.6656549529648e-07	2.74317338448936e-06	mRNA_4000	SP	TRUE	0.000239	0.999717	CS pos: 20-21. Pr: 0.9749	FALSE	FALSE	0	-	-	-	-	-	-	TRUE	TRUE	up	TRUE	TRUE	TRUE
gene_1457	interaction_vs_onu	585.951423567542	0.636082650849957	0.131336427529922	4.84315481099133	1.27793641131575e-06	5.06207111562371e-06	mRNA_1457	SP	TRUE	0.000347	0.999645	CS pos: 28-29. Pr: 0.9737	FALSE	FALSE	0	-	-	-	-	-	-	TRUE	FALSE	up	TRUE	TRUE	FALSE
gene_2290	interaction_vs_onu	820.306948538217	0.646577760452051	0.135506940858262	4.77154717209919	1.82816151742897e-06	7.11968270663876e-06	mRNA_2290	SP	TRUE	0.002996	0.996990	CS pos: 22-23. Pr: 0.9356	TRUE	FALSE	1	-	-	-	GH18	-	-	TRUE	FALSE	up	TRUE	TRUE	FALSE
gene_127	interaction_vs_onu	2159.99356104745	0.37852106591527	0.0794704784310722	4.76303997897252	1.90698041308505e-06	7.39970640798186e-06	mRNA_127	SP	TRUE	0.000237	0.999731	CS pos: 16-17. Pr: 0.9452	TRUE	TRUE	3	1.14.99.53:1	AA11(17-213)	AA11_e7(18-211)	AA11	AA11_e7	chitin	TRUE	FALSE	up	TRUE	TRUE	FALSE
gene_6878	interaction_vs_onu	682.017528615316	0.656269185046696	0.139009554843231	4.72103652002056	2.34645799360069e-06	8.98286244419583e-06	mRNA_6878	SP	TRUE	0.457357	0.542633	CS pos: 24-25. Pr: 0.5079	FALSE	FALSE	0	-	-	-	-	-	-	TRUE	FALSE	up	TRUE	TRUE	FALSE
gene_7767	interaction_vs_onu	1903.17350284691	0.356699861896547	0.076178416067856	4.68242686457035	2.8349834901835e-06	1.06717056622563e-05	mRNA_7767	SP	TRUE	0.001269	0.998703	CS pos: 23-24. Pr: 0.9221	FALSE	FALSE	0	-	-	-	-	-	-	TRUE	FALSE	up	TRUE	TRUE	FALSE
gene_30	interaction_vs_onu	2215.79116671243	0.443017780067147	0.0947097216547203	4.67763786364235	2.90198462324067e-06	1.08808534274814e-05	mRNA_30	SP	TRUE	0.000501	0.999474	CS pos: 21-22. Pr: 0.9545	FALSE	FALSE	0	-	-	-	-	-	-	TRUE	FALSE	up	TRUE	TRUE	FALSE
gene_5526	interaction_vs_onu	275.067648785492	0.703613422874626	0.153194114703893	4.5929533535582	4.37016773591837e-06	1.59827069698704e-05	mRNA_5526	SP	TRUE	0.000798	0.999195	CS pos: 19-20. Pr: 0.8915	FALSE	FALSE	0	-	-	-	-	-	-	TRUE	FALSE	up	TRUE	TRUE	FALSE
gene_5524	interaction_vs_onu	279.913753868334	0.732567698668472	0.175400953643699	4.17653201679038	2.95987098268944e-05	9.57901535418586e-05	mRNA_5524	SP	TRUE	0.000228	0.999721	CS pos: 25-26. Pr: 0.7833	FALSE	FALSE	0	-	-	-	-	-	-	TRUE	FALSE	up	TRUE	TRUE	FALSE
gene_550	interaction_vs_onu	1974.74287846124	0.275040745937565	0.0661423587875647	4.15831474684684	3.20604080817674e-05	0.000103249470722321	mRNA_550	SP	TRUE	0.001015	0.998955	CS pos: 18-19. Pr: 0.9689	FALSE	FALSE	0	-	-	-	-	-	-	TRUE	FALSE	up	TRUE	TRUE	FALSE
gene_80	interaction_vs_onu	1939.05153172062	0.507060096751458	0.123353113348209	4.11063882368413	3.94565971483659e-05	0.000125277622993328	mRNA_80	SP	TRUE	0.001239	0.998731	CS pos: 24-25. Pr: 0.9732	TRUE	FALSE	1	-	-	-	GT39	-	-	TRUE	FALSE	up	TRUE	TRUE	FALSE
gene_164	interaction_vs_onu	567.190374769391	0.57586106130294	0.141698116503254	4.06399940601691	4.82389484247867e-05	0.000151199340357442	mRNA_164	SP	TRUE	0.000532	0.999437	CS pos: 21-22. Pr: 0.9729	TRUE	TRUE	3	-	GH132(121-379)	GH132_e1(121-377)	GH132	GH132_e1	beta-glucan	TRUE	FALSE	up	TRUE	TRUE	FALSE
gene_6367	interaction_vs_onu	241.894431667229	0.642741084722967	0.158365242759579	4.05859943459146	4.93679118881807e-05	0.000154568151339732	mRNA_6367	SP	TRUE	0.000246	0.999736	CS pos: 20-21. Pr: 0.9815	FALSE	FALSE	0	-	-	-	-	-	-	TRUE	FALSE	up	TRUE	TRUE	FALSE
gene_4440	interaction_vs_onu	869.194588997313	0.452391012452525	0.112367881764396	4.02598149354691	5.67381514301694e-05	0.000176098105961657	mRNA_4440	SP	TRUE	0.000309	0.999671	CS pos: 19-20. Pr: 0.9709	FALSE	FALSE	0	-	-	-	-	-	-	TRUE	FALSE	up	TRUE	TRUE	FALSE
gene_624	interaction_vs_onu	1536.54991457865	0.483984537208623	0.120335125642947	4.021972259743	5.77128561563596e-05	0.0001788638843948	mRNA_624	SP	TRUE	0.000226	0.999740	CS pos: 28-29. Pr: 0.9660	FALSE	FALSE	0	-	-	-	-	-	-	TRUE	FALSE	up	TRUE	TRUE	FALSE
gene_1512	interaction_vs_onu	18.452381283645	2.05864438993151	0.514118156223006	4.00422425275825	6.22213204427749e-05	0.000191519058968052	mRNA_1512	SP	TRUE	0.000266	0.999719	CS pos: 18-19. Pr: 0.9409	TRUE	TRUE	3	-	AA16(19-187)	AA16_e2(20-188)	AA16	AA16_e2	cellulose	TRUE	TRUE	up	TRUE	TRUE	TRUE
gene_1380	interaction_vs_onu	99.1079332086337	1.07882276918302	0.270621034222909	3.98647049842548	6.70634620499183e-05	0.000204949387771261	mRNA_1380	SP	TRUE	0.000214	0.999759	CS pos: 26-27. Pr: 0.5562	FALSE	FALSE	0	-	-	-	-	-	-	TRUE	TRUE	up	TRUE	TRUE	TRUE
gene_157	interaction_vs_onu	431.551849159625	0.404713105893783	0.102235457601674	3.95863739829493	7.53785733908529e-05	0.00022864655854915	mRNA_157	SP	TRUE	0.000201	0.999775	CS pos: 25-26. Pr: 0.9767	FALSE	FALSE	0	-	-	-	-	-	-	TRUE	FALSE	up	TRUE	TRUE	FALSE
gene_6668	interaction_vs_onu	203.876814724852	0.646521468525554	0.163952101201124	3.94335579592512	8.03493131513004e-05	0.000243121286877035	mRNA_6668	SP	TRUE	0.000263	0.999711	CS pos: 18-19. Pr: 0.9055	FALSE	FALSE	0	-	-	-	-	-	-	TRUE	FALSE	up	TRUE	TRUE	FALSE
gene_1829	interaction_vs_onu	567.399482044656	0.36480438878651	0.0938036757001531	3.88902019098506	0.000100649745064529	0.000299153408941795	mRNA_1829	SP	TRUE	0.000244	0.999750	CS pos: 17-18. Pr: 0.9825	FALSE	FALSE	0	-	-	-	-	-	-	TRUE	FALSE	up	TRUE	TRUE	FALSE
gene_3651	interaction_vs_onu	12.6942139866575	2.04229301613742	0.525389774616838	3.88719597298376	0.000101408880603343	0.000301305108630551	mRNA_3651	SP	TRUE	0.000382	0.999588	CS pos: 20-21. Pr: 0.9752	FALSE	FALSE	0	-	-	-	-	-	-	TRUE	TRUE	up	TRUE	TRUE	TRUE
gene_5377	interaction_vs_onu	2546.51001901516	0.693435400118238	0.181034615720429	3.83040225405901	0.000127933946643569	0.000373504291701551	mRNA_5377	SP	TRUE	0.000535	0.999421	CS pos: 16-17. Pr: 0.9709	FALSE	FALSE	0	-	-	-	-	-	-	TRUE	FALSE	up	TRUE	TRUE	FALSE
gene_1112	interaction_vs_onu	5842.80380598651	0.372207102639519	0.0980696067839383	3.79533593378778	0.000147443673949759	0.000425815738532369	mRNA_1112	SP	TRUE	0.000342	0.999621	CS pos: 18-19. Pr: 0.9234	FALSE	FALSE	0	-	-	-	-	-	-	TRUE	FALSE	up	TRUE	TRUE	FALSE
gene_7577	interaction_vs_onu	487.502214859299	0.397994074993433	0.105368718848726	3.77715587075533	0.000158629462659095	0.000456426285835917	mRNA_7577	SP	TRUE	0.003934	0.996056	CS pos: 18-19. Pr: 0.7668	FALSE	FALSE	0	-	-	-	-	-	-	TRUE	FALSE	up	TRUE	TRUE	FALSE
gene_4442	interaction_vs_onu	860.438747958414	0.413920660144728	0.111175685598563	3.7231221729482	0.000196774242912608	0.000557375089123733	mRNA_4442	SP	TRUE	0.000207	0.999778	CS pos: 19-20. Pr: 0.9812	FALSE	FALSE	0	-	-	-	-	-	-	TRUE	FALSE	up	TRUE	TRUE	FALSE
gene_1550	interaction_vs_onu	237.915142166704	0.606764087800519	0.164348679010101	3.69193163860615	0.000222557292540648	0.000625645459490294	mRNA_1550	SP	TRUE	0.001002	0.998963	CS pos: 27-28. Pr: 0.9598	FALSE	FALSE	0	-	-	-	-	-	-	TRUE	FALSE	up	TRUE	TRUE	FALSE
gene_5754	interaction_vs_onu	3966.55095194189	0.315669736644256	0.0861518565367553	3.66410834698125	0.000248201710773661	0.000692279779805323	mRNA_5754	SP	TRUE	0.000329	0.999658	CS pos: 25-26. Pr: 0.9731	FALSE	FALSE	0	-	-	-	-	-	-	TRUE	FALSE	up	TRUE	TRUE	FALSE
gene_3521	interaction_vs_onu	1136.31675831007	0.463321682004225	0.126761314266737	3.65507161774358	0.000257110193804732	0.000714798070467198	mRNA_3521	SP	TRUE	0.000474	0.999493	CS pos: 17-18. Pr: 0.9672	FALSE	FALSE	0	-	-	-	-	-	-	TRUE	FALSE	up	TRUE	TRUE	FALSE
gene_5066	interaction_vs_onu	497.094405599061	0.430749378944915	0.118152138904833	3.64571799493082	0.000266646263994584	0.000740107658817651	mRNA_5066	SP	TRUE	0.000616	0.999349	CS pos: 24-25. Pr: 0.8808	TRUE	TRUE	3	-	GH76(33-415)	GH76_e9(36-405)	GH76	GH76_e9	-	TRUE	FALSE	up	TRUE	TRUE	FALSE
gene_7214	interaction_vs_onu	109.790587628241	0.760284084093034	0.210019483060451	3.62006454360331	0.000294529537662257	0.000809365278455511	mRNA_7214	SP	TRUE	0.000292	0.999674	CS pos: 22-23. Pr: 0.6811	FALSE	FALSE	0	-	-	-	-	-	-	TRUE	FALSE	up	TRUE	TRUE	FALSE
gene_1922	interaction_vs_onu	3387.2154539301	0.3497866718654	0.0997739690448997	3.5057908912894	0.000455252731148707	0.0012020244844642	mRNA_1922	SP	TRUE	0.000665	0.999291	CS pos: 34-35. Pr: 0.9728	FALSE	FALSE	0	-	-	-	-	-	-	TRUE	FALSE	up	TRUE	TRUE	FALSE
gene_5407	interaction_vs_onu	15.698574983145	2.67634497419757	0.765646947490524	3.49553404864935	0.000473114086371401	0.00124572641628397	mRNA_5407	SP	TRUE	0.000269	0.999732	CS pos: 24-25. Pr: 0.9410	FALSE	FALSE	0	-	-	-	-	-	-	TRUE	TRUE	up	TRUE	TRUE	TRUE
gene_6095	interaction_vs_onu	1047.38812307794	0.627484012032929	0.179759855324803	3.49067933382093	0.000481794143503724	0.00126702238660273	mRNA_6095	SP	TRUE	0.000199	0.999741	CS pos: 20-21. Pr: 0.5773	FALSE	FALSE	0	-	-	-	-	-	-	TRUE	FALSE	up	TRUE	TRUE	FALSE
gene_2046	interaction_vs_onu	378.702410711758	0.602543808224022	0.173074561846198	3.48141172103311	0.000498778164384578	0.0013060694668498	mRNA_2046	SP	TRUE	0.000262	0.999703	CS pos: 21-22. Pr: 0.9750	FALSE	FALSE	0	-	-	-	-	-	-	TRUE	FALSE	up	TRUE	TRUE	FALSE
gene_520	interaction_vs_onu	11400.1244389598	0.363785283100666	0.10676352207066	3.4073930500335	0.000655866060407601	0.0016753845052489	mRNA_520	SP	TRUE	0.000243	0.999743	CS pos: 23-24. Pr: 0.9777	FALSE	FALSE	0	-	-	-	-	-	-	TRUE	FALSE	up	TRUE	TRUE	FALSE
gene_3496	interaction_vs_onu	4612.15489676647	0.714289665093888	0.213305222807817	3.34867405350616	0.000811992604876355	0.00204250858000047	mRNA_3496	SP	TRUE	0.000317	0.999643	CS pos: 16-17. Pr: 0.9493	FALSE	FALSE	0	-	-	-	-	-	-	TRUE	FALSE	up	TRUE	TRUE	FALSE
gene_4729	interaction_vs_onu	84.5984429054019	0.757471441717983	0.226295278876818	3.34727019263316	0.000816116228526875	0.00205167545262556	mRNA_4729	SP	TRUE	0.000202	0.999798	CS pos: 26-27. Pr: 0.8540	FALSE	FALSE	0	-	-	-	-	-	-	TRUE	FALSE	up	TRUE	TRUE	FALSE
gene_5572	interaction_vs_onu	281.055556870235	1.04377489741779	0.312393789673464	3.3412152607413	0.000834125251424377	0.0020932606720002	mRNA_5572	SP	TRUE	0.049708	0.950239	CS pos: 21-22. Pr: 0.8612	FALSE	FALSE	0	-	-	-	-	-	-	TRUE	TRUE	up	TRUE	TRUE	TRUE
gene_2430	interaction_vs_onu	4434.93931329985	0.190269582443006	0.0570925170312323	3.33265360045205	0.000860219718817503	0.00214992139943878	mRNA_2430	SP	TRUE	0.044605	0.955358	CS pos: 28-29. Pr: 0.9090	FALSE	FALSE	0	-	-	-	-	-	-	TRUE	FALSE	up	TRUE	TRUE	FALSE
gene_6802	interaction_vs_onu	1335.27464032495	0.416174933533158	0.125263415950142	3.32239808707441	0.000892472665119599	0.00222468433704827	mRNA_6802	SP	TRUE	0.000478	0.999517	CS pos: 34-35. Pr: 0.5151	FALSE	FALSE	0	-	-	-	-	-	-	TRUE	FALSE	up	TRUE	TRUE	FALSE
gene_3394	interaction_vs_onu	2603.05610943094	0.327400954314611	0.0985846174102351	3.32101460567843	0.000896908435360064	0.00223249090046006	mRNA_3394	SP	TRUE	0.000215	0.999739	CS pos: 19-20. Pr: 0.9727	TRUE	TRUE	2	-	CBM52(22-72)	-	CBM52	CBM52	-	TRUE	FALSE	up	TRUE	TRUE	FALSE
gene_4134	interaction_vs_onu	954.057070871419	0.742613358317712	0.224279716740834	3.31110351443791	0.000929288257390666	0.00231040008227247	mRNA_4134	SP	TRUE	0.000421	0.999549	CS pos: 15-16. Pr: 0.9673	FALSE	FALSE	0	-	-	-	-	-	-	TRUE	FALSE	up	TRUE	TRUE	FALSE
gene_3992	interaction_vs_onu	10.0959485371713	1.77443869263278	0.542021944260213	3.27373958088476	0.00106134375611453	0.00260616825942064	mRNA_3992	SP	TRUE	0.002842	0.997136	CS pos: 19-20. Pr: 0.9611	FALSE	FALSE	0	-	-	-	-	-	-	TRUE	TRUE	up	TRUE	TRUE	TRUE
gene_8237	interaction_vs_onu	583.159847823635	0.332657014787051	0.10214616803693	3.25667639990942	0.00112724863689848	0.00275850438303343	mRNA_8237	SP	TRUE	0.000318	0.999683	CS pos: 19-20. Pr: 0.9759	FALSE	FALSE	0	-	-	-	-	-	-	TRUE	FALSE	up	TRUE	TRUE	FALSE
gene_7952	interaction_vs_onu	1073.79395683583	0.353131805548781	0.10901011164402	3.2394408208842	0.00119764316641886	0.00291576379537698	mRNA_7952	SP	TRUE	0.085736	0.914248	CS pos: 22-23. Pr: 0.4644	TRUE	TRUE	2	1.1.3.-:1	AA7(54-508)	AA7_e0(65-232)	-	AA7_e0	xylan	TRUE	FALSE	up	TRUE	TRUE	FALSE
gene_7101	interaction_vs_onu	958.199094295572	0.38327684820158	0.118756025627727	3.22743074446652	0.00124907273492271	0.00302805511496415	mRNA_7101	SP	TRUE	0.000241	0.999709	CS pos: 15-16. Pr: 0.9824	FALSE	FALSE	0	-	-	-	-	-	-	TRUE	FALSE	up	TRUE	TRUE	FALSE
gene_2142	interaction_vs_onu	1702.56624429292	0.381248452779728	0.11818911569215	3.22574926250209	0.00125643375879376	0.00304503764871874	mRNA_2142	SP	TRUE	0.000267	0.999719	CS pos: 21-22. Pr: 0.9745	FALSE	FALSE	0	-	-	-	-	-	-	TRUE	FALSE	up	TRUE	TRUE	FALSE
gene_6892	interaction_vs_onu	3196.124101797	0.291905016328287	0.0906569739109937	3.21988484432402	0.00128242100200496	0.00310099541727752	mRNA_6892	SP	TRUE	0.000827	0.999158	CS pos: 17-18. Pr: 0.6877	TRUE	TRUE	3	2.4.1.-:8	GH72(16-331)	GH72_e9(17-331)	GH72	GH72_e9	beta-glucan	TRUE	FALSE	up	TRUE	TRUE	FALSE
gene_1786	interaction_vs_onu	1892.63337554286	0.434605110018408	0.135789568258874	3.20057803843858	0.0013715222342645	0.00328673861290709	mRNA_1786	SP	TRUE	0.000262	0.999723	CS pos: 21-22. Pr: 0.9766	TRUE	TRUE	3	3.2.1.20:27;3.2.1.84:26	GH31_1(363-808)	GH31_e39(364-809)	GH31_1+GH31_1	GH31_1	alpha-glucan	TRUE	FALSE	up	TRUE	TRUE	FALSE
gene_2656	interaction_vs_onu	29.6687111053074	1.06454030825485	0.332874578663751	3.19802224768321	0.00138373604582264	0.00331330190308787	mRNA_2656	SP	TRUE	0.000218	0.999743	CS pos: 18-19. Pr: 0.9565	TRUE	FALSE	1	-	-	-	GH36	-	-	TRUE	TRUE	up	TRUE	TRUE	TRUE
gene_1767	interaction_vs_onu	147.065797720295	0.72077668540514	0.225382480695401	3.19801558302684	0.00138376802611439	0.00331330190308787	mRNA_1767	SP	TRUE	0.000186	0.999780	CS pos: 18-19. Pr: 0.9836	TRUE	FALSE	1	-	-	-	AA3_2+AA3_2	-	-	TRUE	FALSE	up	TRUE	TRUE	FALSE
gene_2342	interaction_vs_onu	34.5640710095483	0.934458314976283	0.29317891454215	3.18733124595813	0.00143592222691591	0.00342193639359028	mRNA_2342	SP	TRUE	0.000408	0.999559	CS pos: 25-26. Pr: 0.9700	FALSE	FALSE	0	-	-	-	-	-	-	TRUE	FALSE	up	TRUE	TRUE	FALSE
gene_5591	interaction_vs_onu	792.853192588898	0.379663914484231	0.120280562308861	3.15648602896714	0.00159682536891994	0.00376759238091365	mRNA_5591	SP	TRUE	0.044794	0.955165	CS pos: 27-28. Pr: 0.9012	FALSE	FALSE	0	-	-	-	-	-	-	TRUE	FALSE	up	TRUE	TRUE	FALSE
gene_7458	interaction_vs_onu	1211.34099758197	0.388544415625506	0.124065343698845	3.13177237124862	0.00173754533430207	0.00406043900126281	mRNA_7458	SP	TRUE	0.000538	0.999440	CS pos: 16-17. Pr: 0.9725	FALSE	FALSE	0	-	-	-	-	-	-	TRUE	FALSE	up	TRUE	TRUE	FALSE
gene_6791	interaction_vs_onu	2202.64671620788	0.528417063058312	0.16957398766266	3.11614458291512	0.00183232410131556	0.00425636209152271	mRNA_6791	SP	TRUE	0.000269	0.999708	CS pos: 26-27. Pr: 0.7095	TRUE	TRUE	3	-	GH128(46-284)	GH128_e2(49-285)	GH128	GH128_e2	beta-glucan	TRUE	FALSE	up	TRUE	TRUE	FALSE
gene_5798	interaction_vs_onu	645.902294989908	0.396855397235167	0.128746490620708	3.08245603683536	0.00205300053127285	0.00472792158937196	mRNA_5798	SP	TRUE	0.000252	0.999712	CS pos: 23-24. Pr: 0.6834	FALSE	FALSE	0	-	-	-	-	-	-	TRUE	FALSE	up	TRUE	TRUE	FALSE
gene_6803	interaction_vs_onu	4.69681262303136	2.75590473841239	0.894632880761456	3.08048675347896	0.00206662547237265	0.00475418275826656	mRNA_6803	SP	TRUE	0.000238	0.999721	CS pos: 21-22. Pr: 0.9790	FALSE	FALSE	0	-	-	-	-	-	-	TRUE	TRUE	up	TRUE	TRUE	TRUE
gene_8189	interaction_vs_onu	2196.31148340151	0.269101051665163	0.0873711182277166	3.07997719525349	0.00207016445168952	0.00476104452081201	mRNA_8189	SP	TRUE	0.008906	0.991069	CS pos: 35-36. Pr: 0.9537	FALSE	FALSE	0	-	-	-	-	-	-	TRUE	FALSE	up	TRUE	TRUE	FALSE
gene_2899	interaction_vs_onu	100.682904115904	0.597288481848148	0.196794882903998	3.03508136509588	0.00240470803684895	0.00545568534201616	mRNA_2899	SP	TRUE	0.000328	0.999642	CS pos: 23-24. Pr: 0.9671	TRUE	FALSE	1	-	-	-	GH128	-	-	TRUE	FALSE	up	TRUE	TRUE	FALSE
gene_8487	interaction_vs_onu	283.109039871701	0.460659798274337	0.154114384345146	2.98907723786943	0.00279821385937026	0.00625070736853063	mRNA_8487	SP	TRUE	0.000295	0.999666	CS pos: 18-19. Pr: 0.9533	FALSE	FALSE	0	-	-	-	-	-	-	TRUE	FALSE	up	TRUE	TRUE	FALSE
gene_61	interaction_vs_onu	757.797934003269	0.527294231361631	0.176689959671842	2.98429085807111	0.00284236439362785	0.00633571596013606	mRNA_61	SP	TRUE	0.115150	0.884831	CS pos: 31-32. Pr: 0.8464	FALSE	FALSE	0	-	-	-	-	-	-	TRUE	FALSE	up	TRUE	TRUE	FALSE
gene_5633	interaction_vs_onu	190.546771195014	0.575430808227108	0.194219223249097	2.96279018420894	0.0030486429824874	0.00674985952296126	mRNA_5633	SP	TRUE	0.000274	0.999685	CS pos: 19-20. Pr: 0.9696	TRUE	FALSE	1	-	-	-	GH16_1+GH16_1	-	-	TRUE	FALSE	up	TRUE	TRUE	FALSE
gene_540	interaction_vs_onu	4576.52830945368	0.281899079843973	0.0957340128902186	2.94460736924541	0.00323364727232236	0.00710837715744207	mRNA_540	SP	TRUE	0.000221	0.999752	CS pos: 20-21. Pr: 0.9761	FALSE	FALSE	0	-	-	-	-	-	-	TRUE	FALSE	up	TRUE	TRUE	FALSE
gene_35	interaction_vs_onu	9.88336718644342	1.64367953829362	0.560344892108248	2.93333545365145	0.00335341355110296	0.00733211238759677	mRNA_35	SP	TRUE	0.000222	0.999751	CS pos: 19-20. Pr: 0.9470	FALSE	FALSE	0	-	-	-	-	-	-	TRUE	TRUE	up	TRUE	TRUE	TRUE
gene_6996	interaction_vs_onu	749.229459540171	0.541716288404366	0.186346284261402	2.90704099924235	0.00364865372743927	0.00791497108638626	mRNA_6996	SP	TRUE	0.000248	0.999740	CS pos: 20-21. Pr: 0.9848	FALSE	FALSE	0	-	-	-	-	-	-	TRUE	FALSE	up	TRUE	TRUE	FALSE
gene_7731	interaction_vs_onu	61.8366963094707	0.96930388701288	0.334697206071395	2.89606208067992	0.00377877637608974	0.00816002163958835	mRNA_7731	SP	TRUE	0.000214	0.999772	CS pos: 18-19. Pr: 0.9638	FALSE	FALSE	0	-	-	-	-	-	-	TRUE	FALSE	up	TRUE	TRUE	FALSE
gene_7793	interaction_vs_onu	805.380570266824	0.35104883361862	0.122299965844696	2.87039191870587	0.00409963321525734	0.00878419532480672	mRNA_7793	SP	TRUE	0.000299	0.999682	CS pos: 18-19. Pr: 0.9816	FALSE	FALSE	0	-	-	-	-	-	-	TRUE	FALSE	up	TRUE	TRUE	FALSE
gene_388	interaction_vs_onu	8349.00192063415	0.227617224789851	0.079616910456331	2.85890552001131	0.00425105375718353	0.00907683216799476	mRNA_388	SP	TRUE	0.000349	0.999616	CS pos: 20-21. Pr: 0.9682	TRUE	TRUE	3	1.1.3.-:1	AA7(195-389)	AA7_e0(195-385)	GH20	AA7_e0	xylan	TRUE	FALSE	up	TRUE	TRUE	FALSE
gene_8582	interaction_vs_onu	912.259913018693	0.385074081396637	0.136165932858068	2.82797667018532	0.0046843220134464	0.00990069047780276	mRNA_8582	SP	TRUE	0.000228	0.999751	CS pos: 21-22. Pr: 0.9777	FALSE	FALSE	0	-	-	-	-	-	-	TRUE	FALSE	up	TRUE	TRUE	FALSE
gene_673	interaction_vs_onu	1499.48277674382	0.250139418898934	0.0885387851884522	2.82519596769393	0.00472517069965997	0.00997225374484451	mRNA_673	SP	TRUE	0.000200	0.999764	CS pos: 27-28. Pr: 0.9451	FALSE	FALSE	0	-	-	-	-	-	-	TRUE	FALSE	up	TRUE	TRUE	FALSE
gene_4987	interaction_vs_onu	367.170066520516	0.395258839692227	0.140307474093274	2.81709040980572	0.00484608820218693	0.0102048007406446	mRNA_4987	SP	TRUE	0.000215	0.999781	CS pos: 19-20. Pr: 0.9813	FALSE	FALSE	0	-	-	-	-	-	-	TRUE	FALSE	up	TRUE	TRUE	FALSE
gene_7838	interaction_vs_onu	58.7375255409616	0.671566832986463	0.238726996941471	2.81311641159341	0.00490638853185557	0.0103266992458037	mRNA_7838	SP	TRUE	0.000258	0.999735	CS pos: 20-21. Pr: 0.9823	FALSE	FALSE	0	-	-	-	-	-	-	TRUE	FALSE	up	TRUE	TRUE	FALSE
gene_3477	interaction_vs_onu	43.8052472722936	1.12872839192337	0.402064663903443	2.80733049496345	0.00499539619030724	0.0105037070471702	mRNA_3477	SP	TRUE	0.000320	0.999654	CS pos: 24-25. Pr: 0.9221	TRUE	TRUE	3	-	CE5(30-222)	CE5_e48(30-222)	CE5	CE5_e48	-	TRUE	TRUE	up	TRUE	TRUE	TRUE
gene_3256	interaction_vs_onu	1897.06572288826	0.167210152761514	0.0600374080092703	2.78509946225019	0.00535113060073035	0.011180649680984	mRNA_3256	SP	TRUE	0.390704	0.609295	CS pos: 60-61. Pr: 0.1017	FALSE	FALSE	0	-	-	-	-	-	-	TRUE	FALSE	up	TRUE	TRUE	FALSE
gene_6341	interaction_vs_onu	663.255129949845	0.637570202679807	0.231640538938058	2.75241201562865	0.00591580404947938	0.0121917167945901	mRNA_6341	SP	TRUE	0.000264	0.999714	CS pos: 18-19. Pr: 0.9790	TRUE	TRUE	3	3.2.1.106:25;3.2.1.-:4	GH63(596-810)	GH63_e12(425-811)	GH63	GH63_e12	-;host glycan	TRUE	FALSE	up	TRUE	TRUE	FALSE
gene_3262	interaction_vs_onu	2532.54010022028	0.17247004096786	0.0633741188305269	2.72145860408843	0.00649945247901733	0.0132749494680001	mRNA_3262	SP	TRUE	0.000422	0.999563	CS pos: 18-19. Pr: 0.9745	TRUE	TRUE	3	-	GH17(22-300)	GH17_e53(24-300)	GH17	GH17_e53	-	TRUE	FALSE	up	TRUE	TRUE	FALSE
gene_4020	interaction_vs_onu	1119.93266556225	0.67130784701959	0.251015436539131	2.67436878096116	0.00748700696232297	0.0150407837590905	mRNA_4020	SP	TRUE	0.039080	0.960875	CS pos: 19-20. Pr: 0.9299	FALSE	FALSE	0	-	-	-	-	-	-	TRUE	FALSE	up	TRUE	TRUE	FALSE
gene_8226	interaction_vs_onu	69.5651782724052	0.771540036173969	0.292894746334672	2.6341887173776	0.00843385973124649	0.0167038036324549	mRNA_8226	SP	TRUE	0.000248	0.999753	CS pos: 21-22. Pr: 0.9761	FALSE	FALSE	0	-	-	-	-	-	-	TRUE	FALSE	up	TRUE	TRUE	FALSE
gene_6096	interaction_vs_onu	1493.47482623177	0.289859646824661	0.116220058339507	2.4940586931897	0.0126291659559389	0.0239277690533061	mRNA_6096	SP	TRUE	0.000227	0.999751	CS pos: 21-22. Pr: 0.9801	FALSE	FALSE	0	-	-	-	-	-	-	TRUE	FALSE	up	TRUE	TRUE	FALSE
gene_5206	interaction_vs_onu	3850.51396923245	0.315124506727003	0.126824476882733	2.48472940297147	0.0129649943665322	0.024477360339108	mRNA_5206	SP	TRUE	0.000340	0.999620	CS pos: 25-26. Pr: 0.8897	FALSE	FALSE	0	-	-	-	-	-	-	TRUE	FALSE	up	TRUE	TRUE	FALSE
gene_8144	interaction_vs_onu	53.5951737506255	0.785024683411757	0.317870941211464	2.4696333688757	0.0135251591267333	0.0254619226137754	mRNA_8144	SP	TRUE	0.250836	0.749129	CS pos: 16-17. Pr: 0.6447	FALSE	FALSE	0	-	-	-	-	-	-	TRUE	FALSE	up	TRUE	TRUE	FALSE
gene_1521	interaction_vs_onu	436.387196868529	0.357261287168162	0.145810891625957	2.45016873008794	0.0142789285369594	0.0267222624128492	mRNA_1521	SP	TRUE	0.000676	0.999308	CS pos: 20-21. Pr: 0.9540	FALSE	FALSE	0	-	-	-	-	-	-	TRUE	FALSE	up	TRUE	TRUE	FALSE
gene_7391	interaction_vs_onu	435.661625386206	0.305798321760641	0.125984067569936	2.42727773169323	0.0152126051967921	0.0282545911564032	mRNA_7391	SP	TRUE	0.000410	0.999587	CS pos: 22-23. Pr: 0.9751	TRUE	TRUE	2	3.2.1.96:4	-	GH18_e82(66-277)	GH18	GH18_e82	host glycan	TRUE	FALSE	up	TRUE	TRUE	FALSE
gene_2313	interaction_vs_onu	3732.57429200236	0.387937658771862	0.160802851670245	2.41250484517151	0.0158433268632147	0.0293483830229643	mRNA_2313	SP	TRUE	0.000210	0.999756	CS pos: 23-24. Pr: 0.9752	FALSE	FALSE	0	-	-	-	-	-	-	TRUE	FALSE	up	TRUE	TRUE	FALSE
gene_1044	interaction_vs_onu	56.3603382815165	0.686852433917877	0.286866259484385	2.39432980076649	0.0166507692609948	0.0306715267643889	mRNA_1044	SP	TRUE	0.000262	0.999744	CS pos: 22-23. Pr: 0.9820	FALSE	FALSE	0	-	-	-	-	-	-	TRUE	FALSE	up	TRUE	TRUE	FALSE
gene_3037	interaction_vs_onu	505.171221222373	0.3568396813757	0.15303208440965	2.33179651673881	0.019711398372616	0.0356119818635696	mRNA_3037	SP	TRUE	0.000218	0.999759	CS pos: 22-23. Pr: 0.9763	TRUE	TRUE	3	3.2.1.113:12	GH47(46-519)	GH47_e16(47-519)	GH47	GH47_e16	host glycan	TRUE	FALSE	up	TRUE	TRUE	FALSE
gene_4333	interaction_vs_onu	986.761029590949	0.25296269518348	0.108635525770658	2.32854486033889	0.0198831900710039	0.0358769196896698	mRNA_4333	SP	TRUE	0.000230	0.999755	CS pos: 31-32. Pr: 0.9769	FALSE	FALSE	0	-	-	-	-	-	-	TRUE	FALSE	up	TRUE	TRUE	FALSE
gene_5623	interaction_vs_onu	2918.94735979753	0.144325177955433	0.0623160060877741	2.31602098748348	0.0205571228001275	0.0369527448906115	mRNA_5623	SP	TRUE	0.000383	0.999585	CS pos: 30-31. Pr: 0.9734	TRUE	FALSE	1	-	-	-	GH32	-	-	TRUE	FALSE	up	TRUE	TRUE	FALSE
gene_488	interaction_vs_onu	2097.45129261019	0.209386226763132	0.0920487608815461	2.27473161787134	0.0229220345660318	0.0407176962426492	mRNA_488	SP	TRUE	0.000414	0.999548	CS pos: 21-22. Pr: 0.8652	FALSE	FALSE	0	-	-	-	-	-	-	TRUE	FALSE	up	TRUE	TRUE	FALSE
gene_7003	interaction_vs_onu	42.8930630747667	0.710548330584448	0.316416432094305	2.24561134793618	0.0247289129816033	0.0435017458122738	mRNA_7003	SP	TRUE	0.468490	0.531515	CS pos: 24-25. Pr: 0.3063	FALSE	FALSE	0	-	-	-	-	-	-	TRUE	FALSE	up	TRUE	TRUE	FALSE
gene_6746	interaction_vs_onu	35683.7611248785	0.17360865513089	0.0773844183210917	2.24345751893532	0.0248673263296816	0.0436823955226913	mRNA_6746	SP	TRUE	0.000280	0.999701	CS pos: 15-16. Pr: 0.9639	FALSE	FALSE	0	-	-	-	-	-	-	TRUE	FALSE	up	TRUE	TRUE	FALSE
gene_4095	interaction_vs_onu	1626.485511941	0.281906280265611	0.12599805339736	2.23738599656427	0.0252611229759972	0.044319576280905	mRNA_4095	SP	TRUE	0.000298	0.999678	CS pos: 26-27. Pr: 0.9642	FALSE	FALSE	0	-	-	-	-	-	-	TRUE	FALSE	up	TRUE	TRUE	FALSE
gene_1527	interaction_vs_onu	41060.1968802934	0.172478693398115	0.077903131061187	2.21401490605873	0.0268277535555538	0.0467424324110606	mRNA_1527	SP	TRUE	0.000217	0.999759	CS pos: 17-18. Pr: 0.9836	FALSE	FALSE	0	-	-	-	-	-	-	TRUE	FALSE	up	TRUE	TRUE	FALSE
